회사명,종목코드,시장구분,업종
삼성전자,005930,KOSPI,
SK하이닉스,000660,KOSPI,
삼성전자우,005935,KOSPI,
SK스퀘어,402340,KOSPI,
현대차,005380,KOSPI,
LG에너지솔루션,373220,KOSPI,
삼성전기,009150,KOSPI,
HD현대중공업,329180,KOSPI,
두산에너빌리티,034020,KOSPI,
한화에어로스페이스,012450,KOSPI,
삼성생명,032830,KOSPI,
삼성바이오로직스,207940,KOSPI,
삼성물산,028260,KOSPI,
기아,000270,KOSPI,
KB금융,105560,KOSPI,
현대모비스,012330,KOSPI,
삼성SDI,006400,KOSPI,
신한지주,055550,KOSPI,
셀트리온,068270,KOSPI,
HD현대일렉트릭,267260,KOSPI,
SK,034730,KOSPI,
LS ELECTRIC,010120,KOSPI,
미래에셋증권,006800,KOSPI,
한화오션,042660,KOSPI,
효성중공업,298040,KOSPI,
POSCO홀딩스,005490,KOSPI,
하나금융지주,086790,KOSPI,
NAVER,035420,KOSPI,
LG전자,066570,KOSPI,
HD한국조선해양,009540,KOSPI,
고려아연,010130,KOSPI,
한미반도체,042700,KOSPI,
삼성중공업,010140,KOSPI,
삼성화재,000810,KOSPI,
두산,000150,KOSPI,
한국전력,015760,KOSPI,
LG화학,051910,KOSPI,
우리금융지주,316140,KOSPI,
SK텔레콤,017670,KOSPI,
현대로템,064350,KOSPI,
HD현대,267250,KOSPI,
SK이노베이션,096770,KOSPI,
포스코퓨처엠,003670,KOSPI,
한화시스템,272210,KOSPI,
HMM,011200,KOSPI,
KT&G,033780,KOSPI,
LIG디펜스앤에어로스페이스,079550,KOSPI,
메리츠금융지주,138040,KOSPI,
LG이노텍,011070,KOSPI,
카카오,035720,KOSPI,
기업은행,024110,KOSPI,
LG,003550,KOSPI,
현대글로비스,086280,KOSPI,
LS,006260,KOSPI,
한국항공우주,047810,KOSPI,
현대오토에버,307950,KOSPI,
현대건설,000720,KOSPI,
에이피알,278470,KOSPI,
KT,030200,KOSPI,
한국금융지주,071050,KOSPI,
삼성에스디에스,018260,KOSPI,
S-Oil,010950,KOSPI,
크래프톤,259960,KOSPI,
포스코인터내셔널,047050,KOSPI,
삼성에피스홀딩스,0126Z0,KOSPI,
대우건설,047040,KOSPI,
NH투자증권,005940,KOSPI,
카카오뱅크,323410,KOSPI,
DB손해보험,005830,KOSPI,
삼양식품,003230,KOSPI,
대한전선,001440,KOSPI,
삼성증권,016360,KOSPI,
HD현대마린솔루션,443060,KOSPI,
하이브,352820,KOSPI,
키움증권,039490,KOSPI,
삼성E&A,028050,KOSPI,
대한항공,003490,KOSPI,
이수페타시스,007660,KOSPI,
한화,000880,KOSPI,
현대차2우B,005387,KOSPI,
산일전기,062040,KOSPI,
HD건설기계,267270,KOSPI,
한국타이어앤테크놀로지,161390,KOSPI,
한진칼,180640,KOSPI,
SK바이오팜,326030,KOSPI,
DB하이텍,000990,KOSPI,
LG씨엔에스,064400,KOSPI,
한화솔루션,009830,KOSPI,
GS,078930,KOSPI,
아모레퍼시픽,090430,KOSPI,
대덕전자,353200,KOSPI,
LG유플러스,032640,KOSPI,
유한양행,000100,KOSPI,
LG디스플레이,034220,KOSPI,
코웨이,021240,KOSPI,
두산로보틱스,454910,KOSPI,
두산밥캣,241560,KOSPI,
카카오페이,377300,KOSPI,
엘앤에프,066970,KOSPI,
한화엔진,082740,KOSPI,
현대차우,005385,KOSPI,
가온전선,000500,KOSPI,
NC,036570,KOSPI,
삼성카드,029780,KOSPI,
오리온,271560,KOSPI,
한미약품,128940,KOSPI,
맥쿼리인프라,088980,KOSPI,
BNK금융지주,138930,KOSPI,
OCI홀딩스,010060,KOSPI,
한전기술,052690,KOSPI,
두산퓨얼셀,336260,KOSPI,
CJ,001040,KOSPI,
현대제철,004020,KOSPI,
일진전기,103590,KOSPI,
JB금융지주,175330,KOSPI,
신세계,004170,KOSPI,
SKC,011790,KOSPI,
한화생명,088350,KOSPI,
포스코DX,022100,KOSPI,
한온시스템,018880,KOSPI,
롯데쇼핑,023530,KOSPI,
에코프로머티,450080,KOSPI,
KCC,002380,KOSPI,
LG생활건강,051900,KOSPI,
더존비즈온,012510,KOSPI,
영원무역,111770,KOSPI,
넷마블,251270,KOSPI,
한국가스공사,036460,KOSPI,
롯데케미칼,011170,KOSPI,
한화비전,489790,KOSPI,
금호석유화학,011780,KOSPI,
강원랜드,035250,KOSPI,
효성,004800,KOSPI,
CJ제일제당,097950,KOSPI,
서울보증보험,031210,KOSPI,
현대엘리베이터,017800,KOSPI,
SK바이오사이언스,302440,KOSPI,
한솔케미칼,014680,KOSPI,
현대해상,001450,KOSPI,
팬오션,028670,KOSPI,
F&F,383220,KOSPI,
iM금융지주,139130,KOSPI,
DL이앤씨,375500,KOSPI,
롯데에너지머티리얼즈,020150,KOSPI,
신영증권,001720,KOSPI,
이수스페셜티케미컬,457190,KOSPI,
에스엘,005850,KOSPI,
달바글로벌,483650,KOSPI,
영원무역홀딩스,009970,KOSPI,
에스원,012750,KOSPI,
DN오토모티브,007340,KOSPI,
롯데지주,004990,KOSPI,
대한조선,439260,KOSPI,
동서,026960,KOSPI,
HD현대마린엔진,071970,KOSPI,
GS건설,006360,KOSPI,
HL만도,204320,KOSPI,
코리안리,003690,KOSPI,
이마트,139480,KOSPI,
농심,004370,KOSPI,
풍산,103140,KOSPI,
한전KPS,051600,KOSPI,
BGF리테일,282330,KOSPI,
미래에셋증권2우B,00680K,KOSPI,
LS에코에너지,229640,KOSPI,
현대백화점,069960,KOSPI,
호텔신라,008770,KOSPI,
SK가스,018670,KOSPI,
GS리테일,007070,KOSPI,
두산우,000155,KOSPI,
세아베스틸지주,001430,KOSPI,
케이뱅크,279570,KOSPI,
제일기획,030000,KOSPI,
코리아써키트,007810,KOSPI,
한미사이언스,008930,KOSPI,
한국앤컴퍼니,000240,KOSPI,
코오롱인더,120110,KOSPI,
현대지에프홀딩스,005440,KOSPI,
현대위아,011210,KOSPI,
한국콜마,161890,KOSPI,
씨에스윈드,112610,KOSPI,
미스토홀딩스,081660,KOSPI,
한올바이오파마,009420,KOSPI,
HD현대에너지솔루션,322000,KOSPI,
코스맥스,192820,KOSPI,
CJ대한통운,000120,KOSPI,
미래에셋생명,085620,KOSPI,
HJ중공업,097230,KOSPI,
한국카본,017960,KOSPI,
아모레퍼시픽홀딩스,002790,KOSPI,
다우기술,023590,KOSPI,
LX인터내셔널,001120,KOSPI,
SK리츠,395400,KOSPI,
시프트업,462870,KOSPI,
STX엔진,077970,KOSPI,
효성티앤씨,298020,KOSPI,
SK아이이테크놀로지,361610,KOSPI,
SK네트웍스,001740,KOSPI,
코스모신소재,005070,KOSPI,
동원산업,006040,KOSPI,
오리온홀딩스,001800,KOSPI,
SNT다이내믹스,003570,KOSPI,
대신증권,003540,KOSPI,
녹십자,006280,KOSPI,
대웅제약,069620,KOSPI,
롯데관광개발,032350,KOSPI,
아시아나항공,020560,KOSPI,
SK이터닉스,475150,KOSPI,
오뚜기,007310,KOSPI,
금호타이어,073240,KOSPI,
IPARK현대산업개발,294870,KOSPI,
한화투자증권,003530,KOSPI,
교보증권,030610,KOSPI,
해성디에스,195870,KOSPI,
롯데정밀화학,004000,KOSPI,
HDC,012630,KOSPI,
파라다이스,034230,KOSPI,
케이씨텍,281820,KOSPI,
더블유게임즈,192080,KOSPI,
삼아알미늄,006110,KOSPI,
동양생명,082640,KOSPI,
LG화학우,051915,KOSPI,
NHN,181710,KOSPI,
KB발해인프라,415640,KOSPI,
후성,093370,KOSPI,
하이트진로,000080,KOSPI,
LG전자우,066575,KOSPI,
대웅,003090,KOSPI,
롯데렌탈,089860,KOSPI,
삼성화재우,000815,KOSPI,
유안타증권,003470,KOSPI,
삼성전기우,009155,KOSPI,
DL,000210,KOSPI,
SK오션플랜트,100090,KOSPI,
한일시멘트,300720,KOSPI,
롯데리츠,330590,KOSPI,
비에이치,090460,KOSPI,
종근당,185750,KOSPI,
태광산업,003240,KOSPI,
롯데웰푸드,280360,KOSPI,
대원전선,006340,KOSPI,
롯데칠성,005300,KOSPI,
ESR켄달스퀘어리츠,365550,KOSPI,
경동나비엔,009450,KOSPI,
OCI,456040,KOSPI,
자화전자,033240,KOSPI,
에스디바이오센서,137310,KOSPI,
영풍,000670,KOSPI,
현대홈쇼핑,057050,KOSPI,
HS효성첨단소재,298050,KOSPI,
한국금융지주우,071055,KOSPI,
솔루엠,248070,KOSPI,
쿠쿠홀딩스,192400,KOSPI,
GS피앤엘,499790,KOSPI,
파미셀,005690,KOSPI,
한화리츠,451800,KOSPI,
한화3우B,00088K,KOSPI,
SK디스커버리,006120,KOSPI,
세진중공업,075580,KOSPI,
SK증권,001510,KOSPI,
NICE평가정보,030190,KOSPI,
한화손해보험,000370,KOSPI,
SNT에너지,100840,KOSPI,
LX세미콘,108320,KOSPI,
아이에스동서,010780,KOSPI,
대한유화,006650,KOSPI,
지역난방공사,071320,KOSPI,
이노션,214320,KOSPI,
코오롱,002020,KOSPI,
삼화콘덴서,001820,KOSPI,
SNT홀딩스,036530,KOSPI,
디아이,003160,KOSPI,
한국단자,025540,KOSPI,
전진건설로봇,079900,KOSPI,
보령,003850,KOSPI,
SNT모티브,064960,KOSPI,
대한해운,005880,KOSPI,
CJ CGV,079160,KOSPI,
세방전지,004490,KOSPI,
녹십자홀딩스,005250,KOSPI,
SK케미칼,285130,KOSPI,
엠앤씨솔루션,484870,KOSPI,
한샘,009240,KOSPI,
PI첨단소재,178920,KOSPI,
한국쉘석유,002960,KOSPI,
광전자,017900,KOSPI,
GKL,114090,KOSPI,
명인제약,317450,KOSPI,
TKG휴켐스,069260,KOSPI,
KG모빌리티,003620,KOSPI,
애경케미칼,161000,KOSPI,
솔루스첨단소재,336370,KOSPI,
LX홀딩스,383800,KOSPI,
세아제강지주,003030,KOSPI,
LF,093050,KOSPI,
SGC에너지,005090,KOSPI,
빙그레,005180,KOSPI,
F&F홀딩스,007700,KOSPI,
롯데손해보험,000400,KOSPI,
대상,001680,KOSPI,
동원시스템즈,014820,KOSPI,
세아홀딩스,058650,KOSPI,
JW중외제약,001060,KOSPI,
KG스틸,016380,KOSPI,
일동제약,249420,KOSPI,
CJ4우(전환),00104K,KOSPI,
신한알파리츠,293940,KOSPI,
부국증권,001270,KOSPI,
티엠씨,217590,KOSPI,
금양,001570,KOSPI,
넥센타이어,002350,KOSPI,
카프로,006380,KOSPI,
현대차증권,001500,KOSPI,
E1,017940,KOSPI,
대덕,008060,KOSPI,
미원상사,002840,KOSPI,
동아쏘시오홀딩스,000640,KOSPI,
흥아해운,003280,KOSPI,
DI동일,001530,KOSPI,
현대그린푸드,453340,KOSPI,
하나투어,039130,KOSPI,
풍산홀딩스,005810,KOSPI,
고려제강,002240,KOSPI,
현대차3우B,005389,KOSPI,
동국제강,460860,KOSPI,
한화갤러리아,452260,KOSPI,
신풍제약,019170,KOSPI,
신성이엔지,011930,KOSPI,
미원에스씨,268280,KOSPI,
대신증권우,003545,KOSPI,
퍼스텍,010820,KOSPI,
한섬,020000,KOSPI,
코스모화학,005420,KOSPI,
명신산업,009900,KOSPI,
일진홀딩스,015860,KOSPI,
일진하이솔루스,271940,KOSPI,
한일홀딩스,003300,KOSPI,
율촌화학,008730,KOSPI,
맵스리얼티,094800,KOSPI,
바이오노트,377740,KOSPI,
태영건설,009410,KOSPI,
부광약품,003000,KOSPI,
쿠쿠홈시스,284740,KOSPI,
신세계인터내셔날,031430,KOSPI,
유니드,014830,KOSPI,
DB증권,016610,KOSPI,
유진투자증권,001200,KOSPI,
아세아,002030,KOSPI,
NICE,034310,KOSPI,
한전산업,130660,KOSPI,
케이카,381970,KOSPI,
NH투자증권우,005945,KOSPI,
삼성SDI우,006405,KOSPI,
삼성FN리츠,448730,KOSPI,
넥스틸,092790,KOSPI,
삼양홀딩스,000070,KOSPI,
삼천리,004690,KOSPI,
삼양사,145990,KOSPI,
BGF,027410,KOSPI,
프레스티지바이오파마,950210,KOSPI,
한솔테크닉스,004710,KOSPI,
삼양바이오팜,0120G0,KOSPI,
INVENI,015360,KOSPI,
두산2우B,000157,KOSPI,
코람코라이프인프라리츠,357120,KOSPI,
농심홀딩스,072710,KOSPI,
아모레퍼시픽우,090435,KOSPI,
세아제강,306200,KOSPI,
신대양제지,016590,KOSPI,
쏘카,403550,KOSPI,
신도리코,029530,KOSPI,
코람코더원리츠,417310,KOSPI,
풀무원,017810,KOSPI,
KCC글라스,344820,KOSPI,
우진,105840,KOSPI,
제주은행,006220,KOSPI,
덴티움,145720,KOSPI,
조광피혁,004700,KOSPI,
수산인더스트리,126720,KOSPI,
동아에스티,170900,KOSPI,
HL홀딩스,060980,KOSPI,
TCC스틸,002710,KOSPI,
삼영무역,002810,KOSPI,
제주항공,089590,KOSPI,
남해화학,025860,KOSPI,
삼립,005610,KOSPI,
DB,012030,KOSPI,
화신,010690,KOSPI,
아세아시멘트,183190,KOSPI,
드림텍,192650,KOSPI,
한세실업,105630,KOSPI,
이수화학,005950,KOSPI,
포스코스틸리온,058430,KOSPI,
동국홀딩스,001230,KOSPI,
엠씨넥스,097520,KOSPI,
케이씨,029460,KOSPI,
KPX홀딩스,092230,KOSPI,
한국토지신탁,034830,KOSPI,
SIMPAC,009160,KOSPI,
광동제약,009290,KOSPI,
현대코퍼레이션,011760,KOSPI,
넥센,005720,KOSPI,
대한제강,084010,KOSPI,
퍼시스,016800,KOSPI,
서연이화,200880,KOSPI,
에이블씨엔씨,078520,KOSPI,
트리니티항공,091810,KOSPI,
삼영,003720,KOSPI,
제이에스코퍼레이션,194370,KOSPI,
KG케미칼,001390,KOSPI,
TYM,002900,KOSPI,
한국철강,104700,KOSPI,
애경산업,018250,KOSPI,
대상홀딩스,084690,KOSPI,
천일고속,000650,KOSPI,
현대퓨처넷,126560,KOSPI,
KISCO홀딩스,001940,KOSPI,
스틱인베스트먼트,026890,KOSPI,
아세아제지,002310,KOSPI,
국도화학,007690,KOSPI,
삼성물산우B,02826K,KOSPI,
콜마홀딩스,024720,KOSPI,
DS단석,017860,KOSPI,
휴스틸,005010,KOSPI,
LX하우시스,108670,KOSPI,
유나이티드제약,033270,KOSPI,
진에어,272450,KOSPI,
롯데이노베이트,286940,KOSPI,
한양증권,001750,KOSPI,
서울가스,017390,KOSPI,
GS글로벌,001250,KOSPI,
엘브이엠씨홀딩스,900140,KOSPI,
한국자산신탁,123890,KOSPI,
한농화성,011500,KOSPI,
삼진제약,005500,KOSPI,
LS네트웍스,000680,KOSPI,
남양유업,003920,KOSPI,
대성산업,128820,KOSPI,
JW홀딩스,096760,KOSPI,
삼익THK,004380,KOSPI,
광주신세계,037710,KOSPI,
송원산업,004430,KOSPI,
이지스밸류플러스리츠,334890,KOSPI,
한진,002320,KOSPI,
영진약품,003520,KOSPI,
더본코리아,475560,KOSPI,
세방,004360,KOSPI,
경방,000050,KOSPI,
이리츠코크렙,088260,KOSPI,
사조대림,003960,KOSPI,
에이플러스에셋,244920,KOSPI,
BYC,001460,KOSPI,
일성아이에스,003120,KOSPI,
서흥,008490,KOSPI,
YG PLUS,037270,KOSPI,
KEC,092220,KOSPI,
대동,000490,KOSPI,
대원강업,000430,KOSPI,
미래에셋증권우,006805,KOSPI,
삼영전자,005680,KOSPI,
대신밸류리츠,0030R0,KOSPI,
미원화학,134380,KOSPI,
SBS,034120,KOSPI,
PKC,001340,KOSPI,
잇츠한불,226320,KOSPI,
KSS해운,044450,KOSPI,
지누스,013890,KOSPI,
흥국화재,000540,KOSPI,
선진,136490,KOSPI,
일신방직,003200,KOSPI,
코오롱글로벌,003070,KOSPI,
노루홀딩스,000320,KOSPI,
화승엔터프라이즈,241590,KOSPI,
아이마켓코리아,122900,KOSPI,
디아이씨,092200,KOSPI,
대한제당,001790,KOSPI,
KB스타리츠,432320,KOSPI,
한국공항,005430,KOSPI,
한미글로벌,053690,KOSPI,
디앤디플랫폼리츠,377190,KOSPI,
알루코,001780,KOSPI,
사조산업,007160,KOSPI,
제이알글로벌리츠,348950,KOSPI,
현대약품,004310,KOSPI,
다올투자증권,030210,KOSPI,
경인양행,012610,KOSPI,
무학,033920,KOSPI,
종근당홀딩스,001630,KOSPI,
현대비앤지스틸,004560,KOSPI,
SK디앤디,210980,KOSPI,
SJG세종,033530,KOSPI,
삼화전기,009470,KOSPI,
신한서부티엔디리츠,404990,KOSPI,
계양전기,012200,KOSPI,
에스엠벡셀,010580,KOSPI,
신세계 I&C,035510,KOSPI,
이월드,084680,KOSPI,
모토닉,009680,KOSPI,
CR홀딩스,000480,KOSPI,
성신양회,004980,KOSPI,
백산,035150,KOSPI,
KPX케미칼,025000,KOSPI,
S-Oil우,010955,KOSPI,
에어부산,298690,KOSPI,
대성에너지,117580,KOSPI,
LG생활건강우,051905,KOSPI,
대한제분,001130,KOSPI,
남선알미늄,008350,KOSPI,
LG우,003555,KOSPI,
이연제약,102460,KOSPI,
만호제강,001080,KOSPI,
SK우,03473K,KOSPI,
와이투솔루션,011690,KOSPI,
미창석유,003650,KOSPI,
AJ네트웍스,095570,KOSPI,
스카이라이프,053210,KOSPI,
대원제약,003220,KOSPI,
동아지질,028100,KOSPI,
교촌에프앤비,339770,KOSPI,
HS효성,487570,KOSPI,
SP삼화,000390,KOSPI,
동성케미컬,102260,KOSPI,
HDC랩스,039570,KOSPI,
한국화장품제조,003350,KOSPI,
환인제약,016580,KOSPI,
서연,007860,KOSPI,
대신증권2우B,003547,KOSPI,
계룡건설,013580,KOSPI,
하이트진로홀딩스,000140,KOSPI,
도화엔지니어링,002150,KOSPI,
방림,003610,KOSPI,
진양홀딩스,100250,KOSPI,
제일약품,271980,KOSPI,
강남제비스코,000860,KOSPI,
코스맥스비티아이,044820,KOSPI,
JW생명과학,234080,KOSPI,
해태제과식품,101530,KOSPI,
일양약품,007570,KOSPI,
경농,002100,KOSPI,
이구산업,025820,KOSPI,
CJ우,001045,KOSPI,
웅진,016880,KOSPI,
조일알미늄,018470,KOSPI,
하나제약,293480,KOSPI,
유화증권,003460,KOSPI,
대창단조,015230,KOSPI,
DH오토넥스,000300,KOSPI,
CJ제일제당 우,097955,KOSPI,
신세계푸드,031440,KOSPI,
일진다이아,081000,KOSPI,
동국씨엠,460850,KOSPI,
한국석유,004090,KOSPI,
금호석유화학우,011785,KOSPI,
삼일제약,000520,KOSPI,
NH올원리츠,400760,KOSPI,
한세예스24홀딩스,016450,KOSPI,
조선내화,462520,KOSPI,
화승인더,006060,KOSPI,
LG헬로비전,037560,KOSPI,
동화약품,000020,KOSPI,
SYTS,002170,KOSPI,
동부건설,005960,KOSPI,
한솔제지,213500,KOSPI,
한진중공업홀딩스,003480,KOSPI,
롯데하이마트,071840,KOSPI,
수산세보틱스,017550,KOSPI,
선도전기,007610,KOSPI,
노루페인트,090350,KOSPI,
진흥기업,002780,KOSPI,
대한화섬,003830,KOSPI,
KCTC,009070,KOSPI,
금호건설,002990,KOSPI,
토니모리,214420,KOSPI,
한국주철관,000970,KOSPI,
KBI동양철관,008970,KOSPI,
자이에스앤디,317400,KOSPI,
삼양패키징,272550,KOSPI,
한솔홀딩스,004150,KOSPI,
아모레퍼시픽홀딩스3우C,00279K,KOSPI,
삼성제약,001360,KOSPI,
디와이파워,210540,KOSPI,
진원생명과학,011000,KOSPI,
동양,001520,KOSPI,
효성화학,298000,KOSPI,
유니퀘스트,077500,KOSPI,
한신공영,004960,KOSPI,
유수홀딩스,000700,KOSPI,
화승코퍼레이션,013520,KOSPI,
신라교역,004970,KOSPI,
태경산업,015890,KOSPI,
사조동아원,008040,KOSPI,
텔코웨어,078000,KOSPI,
효성ITX,094280,KOSPI,
경보제약,214390,KOSPI,
동양고속,084670,KOSPI,
금강공업,014280,KOSPI,
무림P&P,009580,KOSPI,
대창,012800,KOSPI,
두올,016740,KOSPI,
제일파마홀딩스,002620,KOSPI,
한국제지,027970,KOSPI,
HDC현대EP,089470,KOSPI,
미래산업,025560,KOSPI,
미원홀딩스,107590,KOSPI,
모나용평,070960,KOSPI,
샘표,007540,KOSPI,
키다리스튜디오,020120,KOSPI,
두산퓨얼셀1우,33626K,KOSPI,
경동도시가스,267290,KOSPI,
디씨엠,024090,KOSPI,
현대리바트,079430,KOSPI,
신원,009270,KOSPI,
신흥,004080,KOSPI,
한국무브넥스,010100,KOSPI,
태림포장,011280,KOSPI,
경동인베스트,012320,KOSPI,
대성홀딩스,016710,KOSPI,
티에이치엔,019180,KOSPI,
차AI헬스케어,025620,KOSPI,
신영와코루,005800,KOSPI,
이지스레지던스리츠,350520,KOSPI,
세원정공,021820,KOSPI,
극동유화,014530,KOSPI,
한독,002390,KOSPI,
NPC,004250,KOSPI,
그린케미칼,083420,KOSPI,
한국화장품,123690,KOSPI,
HS화성,002460,KOSPI,
사조씨푸드,014710,KOSPI,
한일철강,002220,KOSPI,
삼익악기,002450,KOSPI,
페이퍼코리아,001020,KOSPI,
DKME,015590,KOSPI,
태경비케이,014580,KOSPI,
상상인증권,001290,KOSPI,
HS애드,035000,KOSPI,
현대코퍼레이션홀딩스,227840,KOSPI,
한신기계,011700,KOSPI,
인천도시가스,034590,KOSPI,
아주스틸,139990,KOSPI,
샘표식품,248170,KOSPI,
디와이,013570,KOSPI,
조선선재,120030,KOSPI,
티와이홀딩스,363280,KOSPI,
세이브존I&C,067830,KOSPI,
인지컨트롤스,023800,KOSPI,
벽산,007210,KOSPI,
STX,011810,KOSPI,
아시아나IDT,267850,KOSPI,
동방,004140,KOSPI,
대영포장,014160,KOSPI,
콘텐트리중앙,036420,KOSPI,
KTcs,058850,KOSPI,
동남합성,023450,KOSPI,
크라운제과,264900,KOSPI,
팜스코,036580,KOSPI,
대교,019680,KOSPI,
AK홀딩스,006840,KOSPI,
HL D&I,014790,KOSPI,
KC코트렐,119650,KOSPI,
황금에스티,032560,KOSPI,
GS우,078935,KOSPI,
휴니드,005870,KOSPI,
NI스틸,008260,KOSPI,
태양금속,004100,KOSPI,
한국수출포장,002200,KOSPI,
화천기계,010660,KOSPI,
아남전자,008700,KOSPI,
종근당바이오,063160,KOSPI,
웅진씽크빅,095720,KOSPI,
크라운해태홀딩스,005740,KOSPI,
일신석재,007110,KOSPI,
부국증권우,001275,KOSPI,
동일고무벨트,163560,KOSPI,
DL이앤씨2우(전환),37550L,KOSPI,
동성제약,002210,KOSPI,
KTis,058860,KOSPI,
신일전자,002700,KOSPI,
영보화학,014440,KOSPI,
삼성공조,006660,KOSPI,
일동홀딩스,000230,KOSPI,
태경케미컬,006890,KOSPI,
DRB동일,004840,KOSPI,
우신시스템,017370,KOSPI,
에이프로젠,007460,KOSPI,
HLB글로벌,003580,KOSPI,
삼원강재,023000,KOSPI,
동일산업,004890,KOSPI,
아이티센씨티에스,031820,KOSPI,
CS홀딩스,000590,KOSPI,
테이팩스,055490,KOSPI,
휴비스,079980,KOSPI,
SK이노베이션우,096775,KOSPI,
TP,007980,KOSPI,
엔케이,085310,KOSPI,
조흥,002600,KOSPI,
CJ씨푸드,011150,KOSPI,
국제약품,002720,KOSPI,
삼호개발,010960,KOSPI,
대림바스,005750,KOSPI,
한솔로지스틱스,009180,KOSPI,
NH프라임리츠,338100,KOSPI,
성창기업지주,000180,KOSPI,
동인기연,111380,KOSPI,
유한양행우,000105,KOSPI,
동방아그로,007590,KOSPI,
지엠비코리아,013870,KOSPI,
일성건설,013360,KOSPI,
삼부토건,001470,KOSPI,
대덕전자1우,35320K,KOSPI,
까뮤이앤씨,013700,KOSPI,
남광토건,001260,KOSPI,
비상교육,100220,KOSPI,
팜젠사이언스,004720,KOSPI,
사조오양,006090,KOSPI,
제일연마,001560,KOSPI,
주성코퍼레이션,109070,KOSPI,
DSR제강,069730,KOSPI,
삼일씨엔에스,004440,KOSPI,
화천기공,000850,KOSPI,
동원금속,018500,KOSPI,
하이스틸,071090,KOSPI,
한국특강,007280,KOSPI,
대현,016090,KOSPI,
삼성출판사,068290,KOSPI,
모나리자,012690,KOSPI,
한국내화,010040,KOSPI,
혜인,003010,KOSPI,
남양유업우,003925,KOSPI,
코오롱인더우,120115,KOSPI,
무림페이퍼,009200,KOSPI,
신송홀딩스,006880,KOSPI,
삼정펄프,009770,KOSPI,
진양산업,003780,KOSPI,
금호에이치티,214330,KOSPI,
아모레퍼시픽홀딩스우,002795,KOSPI,
DSR,155660,KOSPI,
성문전자,014910,KOSPI,
깨끗한나라,004540,KOSPI,
호전실업,111110,KOSPI,
서원,021050,KOSPI,
우성,006980,KOSPI,
화승알앤에이,378850,KOSPI,
인바이오젠,101140,KOSPI,
SG세계물산,004060,KOSPI,
씨케이솔루션,480370,KOSPI,
유유제약,000220,KOSPI,
조비,001550,KOSPI,
인터지스,129260,KOSPI,
유니온머티리얼,047400,KOSPI,
DYP,092780,KOSPI,
현대건설우,000725,KOSPI,
평화홀딩스,010770,KOSPI,
BYC우,001465,KOSPI,
서울식품,004410,KOSPI,
디와이덕양,024900,KOSPI,
인팩,023810,KOSPI,
미래에셋글로벌리츠,396690,KOSPI,
덕성,004830,KOSPI,
기신정기,092440,KOSPI,
한컴라이프케어,372910,KOSPI,
유엔젤,072130,KOSPI,
롯데칠성우,005305,KOSPI,
보락,002760,KOSPI,
부산산업,011390,KOSPI,
유니온,000910,KOSPI,
한화솔루션우,009835,KOSPI,
고려산업,002140,KOSPI,
써니전자,004770,KOSPI,
다스코,058730,KOSPI,
삼화왕관,004450,KOSPI,
케이비아이동국실업,001620,KOSPI,
오리엔트바이오,002630,KOSPI,
코리아써우,007815,KOSPI,
대구백화점,006370,KOSPI,
SJM,123700,KOSPI,
새론오토모티브,075180,KOSPI,
대양금속,009190,KOSPI,
유화증권우,003465,KOSPI,
유안타증권우,003475,KOSPI,
인스코비,006490,KOSPI,
SJM홀딩스,025530,KOSPI,
한국종합기술,023350,KOSPI,
상신브레이크,041650,KOSPI,
명문제약,017180,KOSPI,
씨아이테크,004920,KOSPI,
범양건영,002410,KOSPI,
미래에셋맵스리츠,357250,KOSPI,
조광페인트,004910,KOSPI,
평화산업,090080,KOSPI,
DL이앤씨우,37550K,KOSPI,
일진디스플,020760,KOSPI,
형지엘리트,093240,KOSPI,
SK케미칼우,28513K,KOSPI,
SK디스커버리우,006125,KOSPI,
유니켐,011330,KOSPI,
영화금속,012280,KOSPI,
마니커,027740,KOSPI,
아진전자부품,009320,KOSPI,
SB성보,003080,KOSPI,
문배철강,008420,KOSPI,
전방,000950,KOSPI,
금호전기,001210,KOSPI,
유성기업,002920,KOSPI,
대호에이엘,069460,KOSPI,
보해양조,000890,KOSPI,
갤럭시아에스엠,011420,KOSPI,
부국철강,026940,KOSPI,
티웨이홀딩스,004870,KOSPI,
에쓰씨엔지니어링,023960,KOSPI,
화인베스틸,133820,KOSPI,
부산주공,005030,KOSPI,
우진플라임,049800,KOSPI,
이엔플러스,074610,KOSPI,
금비,008870,KOSPI,
신한글로벌액티브리츠,481850,KOSPI,
인디에프,014990,KOSPI,
에이프로젠바이오로직스,003060,KOSPI,
경인전자,009140,KOSPI,
미래아이앤지,007120,KOSPI,
이화산업,000760,KOSPI,
TBH글로벌,084870,KOSPI,
세우글로벌,013000,KOSPI,
엑시큐어하이트론,019490,KOSPI,
신풍,002870,KOSPI,
영흥,012160,KOSPI,
SG글로벌,001380,KOSPI,
DL우,000215,KOSPI,
광명전기,017040,KOSPI,
SH에너지화학,002360,KOSPI,
진양화학,051630,KOSPI,
디와이에이,002880,KOSPI,
삼화전자,011230,KOSPI,
케이탑리츠,145270,KOSPI,
한솔홈데코,025750,KOSPI,
시디즈,134790,KOSPI,
씨티알모빌리티,308170,KOSPI,
온타이드,005320,KOSPI,
우성머티리얼스,011300,KOSPI,
대원화성,024890,KOSPI,
대원전선우,006345,KOSPI,
이건산업,008250,KOSPI,
세기상사,002420,KOSPI,
한화투자증권우,003535,KOSPI,
진양폴리,010640,KOSPI,
솔루스첨단소재1우,33637K,KOSPI,
코오롱우,002025,KOSPI,
세방우,004365,KOSPI,
신풍제약우,019175,KOSPI,
진도,088790,KOSPI,
원림,005820,KOSPI,
블루산업개발,006740,KOSPI,
두산퓨얼셀2우B,33626L,KOSPI,
플레이그램,009810,KOSPI,
대한방직,001070,KOSPI,
KR모터스,000040,KOSPI,
메타랩스,090370,KOSPI,
메타케어,118000,KOSPI,
동일제강,002690,KOSPI,
대림통상,006570,KOSPI,
WISCOM,024070,KOSPI,
한성기업,003680,KOSPI,
한익스프레스,014130,KOSPI,
한세엠케이,069640,KOSPI,
SUN&L,002820,KOSPI,
MH에탄올,023150,KOSPI,
유니드비티플러스,446070,KOSPI,
모나미,005360,KOSPI,
동원수산,030720,KOSPI,
한국전자홀딩스,006200,KOSPI,
우진아이엔에스,010400,KOSPI,
한창제지,009460,KOSPI,
에이엔피,015260,KOSPI,
넥센타이어1우B,002355,KOSPI,
한창,005110,KOSPI,
핸즈코퍼레이션,143210,KOSPI,
호텔신라우,008775,KOSPI,
마스턴프리미어리츠,357430,KOSPI,
남성,004270,KOSPI,
대한항공우,003495,KOSPI,
체시스,033250,KOSPI,
STX그린로지스,465770,KOSPI,
녹십자홀딩스2우,005257,KOSPI,
참엔지니어링,009310,KOSPI,
에넥스,011090,KOSPI,
대상우,001685,KOSPI,
비비안,002070,KOSPI,
롯데지주우,00499K,KOSPI,
태원물산,001420,KOSPI,
주연테크,044380,KOSPI,
한국주강,025890,KOSPI,
아센디오,012170,KOSPI,
이스타코,015020,KOSPI,
한화갤러리아우,45226K,KOSPI,
코아스,071950,KOSPI,
SHD,001770,KOSPI,
대교우B,019685,KOSPI,
윌비스,008600,KOSPI,
KC그린홀딩스,009440,KOSPI,
LX하우시스우,108675,KOSPI,
넥센우,005725,KOSPI,
JK리버스톤리츠,204210,KOSPI,
한진칼우,18064K,KOSPI,
하이트진로2우B,000087,KOSPI,
대덕1우,00806K,KOSPI,
대한제당우,001795,KOSPI,
계양전기우,012205,KOSPI,
코리아써키트2우B,00781K,KOSPI,
에이리츠,140910,KOSPI,
SK증권우,001515,KOSPI,
한양증권우,001755,KOSPI,
일정실업,008500,KOSPI,
NPC우,004255,KOSPI,
LX홀딩스1우,38380K,KOSPI,
태양금속우,004105,KOSPI,
삼양사우,145995,KOSPI,
대상홀딩스우,084695,KOSPI,
솔루스첨단소재2우B,33637L,KOSPI,
JW중외제약2우B,001067,KOSPI,
코오롱글로벌우,003075,KOSPI,
다이나믹디자인,145210,KOSPI,
유유제약1우,000225,KOSPI,
덕성우,004835,KOSPI,
JW중외제약우,001065,KOSPI,
성신양회우,004985,KOSPI,
크라운제과우,26490K,KOSPI,
노루홀딩스우,000325,KOSPI,
노루페인트우,090355,KOSPI,
하이트진로홀딩스우,000145,KOSPI,
흥국화재우,000545,KOSPI,
태영건설우,009415,KOSPI,
티와이홀딩스우,36328K,KOSPI,
크라운해태홀딩스우,005745,KOSPI,
동원시스템즈우,014825,KOSPI,
금호건설우,002995,KOSPI,
금강공업우,014285,KOSPI,
일양약품우,007575,KOSPI,
동부건설우,005965,KOSPI,
남선알미우,008355,KOSPI,
성문전자우,014915,KOSPI,
깨끗한나라우,004545,KOSPI,
유유제약2우B,000227,KOSPI,
동양우,001525,KOSPI,
서울식품우,004415,KOSPI,
CJ씨푸드1우,011155,KOSPI,
진흥기업2우B,002787,KOSPI,
진흥기업우B,002785,KOSPI,
동양2우B,001527,KOSPI,
알테오젠,196170,KOSDAQ,우량기업부
에코프로비엠,247540,KOSDAQ,중견기업부
에코프로,086520,KOSDAQ,중견기업부
레인보우로보틱스,277810,KOSDAQ,기술성장기업부
코오롱티슈진,950160,KOSDAQ,외국기업(소속부없음)
주성엔지니어링,036930,KOSDAQ,우량기업부
삼천당제약,000250,KOSDAQ,중견기업부
리노공업,058470,KOSDAQ,우량기업부
HLB,028300,KOSDAQ,중견기업부
에이비엘바이오,298380,KOSDAQ,기술성장기업부
이오테크닉스,039030,KOSDAQ,우량기업부
파두,440110,KOSDAQ,기술성장기업부
원익IPS,240810,KOSDAQ,우량기업부
펩트론,087010,KOSDAQ,기술성장기업부
리가켐바이오,141080,KOSDAQ,기술성장기업부
케어젠,214370,KOSDAQ,벤처기업부
보로노이,310210,KOSDAQ,기술성장기업부
서진시스템,178320,KOSDAQ,중견기업부
ISC,095340,KOSDAQ,우량기업부
HPSP,403870,KOSDAQ,우량기업부
심텍,222800,KOSDAQ,중견기업부
로보티즈,108490,KOSDAQ,기술성장기업부
현대무벡스,319400,KOSDAQ,우량기업부
대한광통신,010170,KOSDAQ,중견기업부
제주반도체,080220,KOSDAQ,우량기업부
두산테스나,131970,KOSDAQ,우량기업부
하나마이크론,067310,KOSDAQ,중견기업부
휴젤,145020,KOSDAQ,우량기업부
티씨케이,064760,KOSDAQ,우량기업부
피에스케이,319660,KOSDAQ,우량기업부
파마리서치,214450,KOSDAQ,우량기업부
솔브레인,357780,KOSDAQ,우량기업부
클래시스,214150,KOSDAQ,우량기업부
올릭스,226950,KOSDAQ,기술성장기업부
펄어비스,263750,KOSDAQ,우량기업부
미래에셋벤처투자,100790,KOSDAQ,우량기업부
동진쎄미켐,005290,KOSDAQ,우량기업부
유진테크,084370,KOSDAQ,우량기업부
성호전자,043260,KOSDAQ,우량기업부
우리기술,032820,KOSDAQ,벤처기업부
피에스케이홀딩스,031980,KOSDAQ,우량기업부
티에스이,131290,KOSDAQ,우량기업부
에스티팜,237690,KOSDAQ,우량기업부
디앤디파마텍,347850,KOSDAQ,기술성장기업부
실리콘투,257720,KOSDAQ,우량기업부
비츠로셀,082920,KOSDAQ,우량기업부
RFHIC,218410,KOSDAQ,우량기업부
고영,098460,KOSDAQ,우량기업부
비에이치아이,083650,KOSDAQ,우량기업부
에스피지,058610,KOSDAQ,우량기업부
테스,095610,KOSDAQ,우량기업부
에임드바이오,0009K0,KOSDAQ,기술성장기업부
메지온,140410,KOSDAQ,투자주의환기종목(소속부없음)
대주전자재료,078600,KOSDAQ,우량기업부
JYP Ent.,035900,KOSDAQ,우량기업부
셀트리온제약,068760,KOSDAQ,우량기업부
스피어,347700,KOSDAQ,기술성장기업부
에스엠,041510,KOSDAQ,우량기업부
원익홀딩스,030530,KOSDAQ,중견기업부
태성,323280,KOSDAQ,중견기업부
아주IB투자,027360,KOSDAQ,중견기업부
코스모로보틱스,439960,KOSDAQ,기술성장기업부
테크윙,089030,KOSDAQ,중견기업부
알지노믹스,476830,KOSDAQ,기술성장기업부
파크시스템스,140860,KOSDAQ,우량기업부
LS마린솔루션,060370,KOSDAQ,우량기업부
엘앤씨바이오,290650,KOSDAQ,우량기업부
삼현,437730,KOSDAQ,기술성장기업부
리브스메드,491000,KOSDAQ,기술성장기업부
에스앤에스텍,101490,KOSDAQ,우량기업부
씨젠,096530,KOSDAQ,우량기업부
코미코,183300,KOSDAQ,우량기업부
기가비스,420770,KOSDAQ,우량기업부
쎄트렉아이,099320,KOSDAQ,우량기업부
오스코텍,039200,KOSDAQ,벤처기업부
오름테라퓨틱,475830,KOSDAQ,기술성장기업부
에스에이엠티,031330,KOSDAQ,우량기업부
인텔리안테크,189300,KOSDAQ,우량기업부
큐리옥스바이오시스템즈,445680,KOSDAQ,기술성장기업부
와이씨,232140,KOSDAQ,우량기업부
하나머티리얼즈,166090,KOSDAQ,우량기업부
LS머트리얼즈,417200,KOSDAQ,중견기업부
씨어스,458870,KOSDAQ,기술성장기업부
삼표시멘트,038500,KOSDAQ,우량기업부
하림지주,003380,KOSDAQ,우량기업부
브이엠,089970,KOSDAQ,우량기업부
휴림로봇,090710,KOSDAQ,중견기업부
SFA반도체,036540,KOSDAQ,중견기업부
케이엠더블유,032500,KOSDAQ,중견기업부
제이에스링크,127120,KOSDAQ,벤처기업부
차바이오텍,085660,KOSDAQ,중견기업부
HK이노엔,195940,KOSDAQ,우량기업부
신성델타테크,065350,KOSDAQ,우량기업부
에이프릴바이오,397030,KOSDAQ,기술성장기업부
세미파이브,490470,KOSDAQ,기술성장기업부
제이앤티씨,204270,KOSDAQ,중견기업부
레이크머티리얼즈,281740,KOSDAQ,우량기업부
네이처셀,007390,KOSDAQ,중견기업부
에이치브이엠,295310,KOSDAQ,기술성장기업부
씨엠티엑스,388210,KOSDAQ,벤처기업부
마키나락스,477850,KOSDAQ,기술성장기업부
필옵틱스,161580,KOSDAQ,중견기업부
하이젠알앤엠,160190,KOSDAQ,투자주의환기종목(소속부없음)
덕산네오룩스,213420,KOSDAQ,우량기업부
솔브레인홀딩스,036830,KOSDAQ,우량기업부
유일로보틱스,388720,KOSDAQ,벤처기업부
비나텍,126340,KOSDAQ,벤처기업부
현대바이오,048410,KOSDAQ,중견기업부
피노,033790,KOSDAQ,중견기업부
에스티큐브,052020,KOSDAQ,투자주의환기종목(소속부없음)
에스에프에이,056190,KOSDAQ,우량기업부
피엔티,137400,KOSDAQ,우량기업부
아이티센글로벌,124500,KOSDAQ,우량기업부
GST,083450,KOSDAQ,우량기업부
제룡전기,033100,KOSDAQ,우량기업부
클로봇,466100,KOSDAQ,기술성장기업부
큐리언트,115180,KOSDAQ,벤처기업부
지투지바이오,456160,KOSDAQ,기술성장기업부
로킷헬스케어,376900,KOSDAQ,기술성장기업부
씨아이에스,222080,KOSDAQ,우량기업부
동국제약,086450,KOSDAQ,우량기업부
원익QnC,074600,KOSDAQ,우량기업부
티엘비,356860,KOSDAQ,우량기업부
태광,023160,KOSDAQ,우량기업부
동운아나텍,094170,KOSDAQ,우량기업부
CJ ENM,035760,KOSDAQ,중견기업부
쏠리드,050890,KOSDAQ,우량기업부
카카오게임즈,293490,KOSDAQ,중견기업부
코나아이,052400,KOSDAQ,우량기업부
성광벤드,014620,KOSDAQ,우량기업부
와이지엔터테인먼트,122870,KOSDAQ,우량기업부
온코닉테라퓨틱스,476060,KOSDAQ,기술성장기업부
서울반도체,046890,KOSDAQ,중견기업부
스튜디오드래곤,253450,KOSDAQ,우량기업부
유진로봇,056080,KOSDAQ,중견기업부
RF머트리얼즈,327260,KOSDAQ,벤처기업부
프로텍,053610,KOSDAQ,우량기업부
나노신소재,121600,KOSDAQ,우량기업부
다우데이타,032190,KOSDAQ,우량기업부
코스메카코리아,241710,KOSDAQ,우량기업부
삼지전자,037460,KOSDAQ,우량기업부
서부T&D,006730,KOSDAQ,우량기업부
선익시스템,171090,KOSDAQ,우량기업부
젬백스,082270,KOSDAQ,벤처기업부
성일하이텍,365340,KOSDAQ,기술성장기업부
태웅,044490,KOSDAQ,우량기업부
덕산하이메탈,077360,KOSDAQ,벤처기업부
넥슨게임즈,225570,KOSDAQ,중견기업부
에프에스티,036810,KOSDAQ,중견기업부
티에프이,425420,KOSDAQ,우량기업부
앱클론,174900,KOSDAQ,벤처기업부
엔켐,348370,KOSDAQ,중견기업부
샘씨엔에스,252990,KOSDAQ,우량기업부
메디톡스,086900,KOSDAQ,우량기업부
엠케이전자,033160,KOSDAQ,중견기업부
뉴로메카,348340,KOSDAQ,기술성장기업부
서울바이오시스,092190,KOSDAQ,투자주의환기종목(소속부없음)
로보스타,090360,KOSDAQ,중견기업부
와이지-원,019210,KOSDAQ,우량기업부
네패스,033640,KOSDAQ,중견기업부
포스코엠텍,009520,KOSDAQ,중견기업부
코오롱생명과학,102940,KOSDAQ,중견기업부
NHN KCP,060250,KOSDAQ,우량기업부
지아이이노베이션,358570,KOSDAQ,기술성장기업부
위메이드,112040,KOSDAQ,중견기업부
안랩,053800,KOSDAQ,우량기업부
원텍,336570,KOSDAQ,우량기업부
가온칩스,399720,KOSDAQ,벤처기업부
동성화인텍,033500,KOSDAQ,우량기업부
인벤티지랩,389470,KOSDAQ,기술성장기업부
툴젠,199800,KOSDAQ,기술성장기업부
미코,059090,KOSDAQ,벤처기업부
코세스,089890,KOSDAQ,우량기업부
이엔에프테크놀로지,102710,KOSDAQ,우량기업부
루닛,328130,KOSDAQ,기술성장기업부
네오셈,253590,KOSDAQ,우량기업부
파이버프로,368770,KOSDAQ,벤처기업부
넥스틴,348210,KOSDAQ,우량기업부
디어유,376300,KOSDAQ,우량기업부
한선엔지니어링,452280,KOSDAQ,우량기업부
켐트로닉스,089010,KOSDAQ,우량기업부
이녹스첨단소재,272290,KOSDAQ,우량기업부
현대힘스,460930,KOSDAQ,우량기업부
성우하이텍,015750,KOSDAQ,우량기업부
아이쓰리시스템,214430,KOSDAQ,우량기업부
채비,0011T0,KOSDAQ,기술성장기업부
인바디,041830,KOSDAQ,우량기업부
토모큐브,475960,KOSDAQ,기술성장기업부
SOOP,067160,KOSDAQ,우량기업부
HLB이노베이션,024850,KOSDAQ,중견기업부
노타,486990,KOSDAQ,기술성장기업부
코미팜,041960,KOSDAQ,벤처기업부
천보,278280,KOSDAQ,중견기업부
원익머트리얼즈,104830,KOSDAQ,우량기업부
메디포스트,078160,KOSDAQ,벤처기업부
케이아이엔엑스,093320,KOSDAQ,우량기업부
에코프로에이치엔,383310,KOSDAQ,우량기업부
알멕,354320,KOSDAQ,기술성장기업부
티이엠씨,425040,KOSDAQ,우량기업부
큐로셀,372320,KOSDAQ,기술성장기업부
예스티,122640,KOSDAQ,벤처기업부
에이디테크놀로지,200710,KOSDAQ,중견기업부
아이엠바이오로직스,493280,KOSDAQ,기술성장기업부
아난티,025980,KOSDAQ,우량기업부
PS일렉트로닉스,332570,KOSDAQ,우량기업부
인화정공,101930,KOSDAQ,우량기업부
카페24,042000,KOSDAQ,우량기업부
큐렉소,060280,KOSDAQ,중견기업부
한양이엔지,045100,KOSDAQ,우량기업부
아이센스,099190,KOSDAQ,중견기업부
한양디지텍,078350,KOSDAQ,우량기업부
더블유씨피,393890,KOSDAQ,기술성장기업부
빛과전자,069540,KOSDAQ,벤처기업부
티앤엘,340570,KOSDAQ,우량기업부
보성파워텍,006910,KOSDAQ,우량기업부
인카금융서비스,211050,KOSDAQ,우량기업부
에스비비테크,389500,KOSDAQ,기술성장기업부
에코마케팅,230360,KOSDAQ,우량기업부
디케이티,290550,KOSDAQ,우량기업부
브이티,018290,KOSDAQ,우량기업부
한라캐스트,125490,KOSDAQ,벤처기업부
우리기술투자,041190,KOSDAQ,우량기업부
한국피아이엠,448900,KOSDAQ,기술성장기업부
한국기업평가,034950,KOSDAQ,우량기업부
엑스게이트,356680,KOSDAQ,벤처기업부
감성코퍼레이션,036620,KOSDAQ,우량기업부
서희건설,035890,KOSDAQ,중견기업부
네패스아크,330860,KOSDAQ,중견기업부
다날,064260,KOSDAQ,중견기업부
프로티나,468530,KOSDAQ,기술성장기업부
디아이티,110990,KOSDAQ,우량기업부
오이솔루션,138080,KOSDAQ,벤처기업부
펌텍코리아,251970,KOSDAQ,우량기업부
미래반도체,254490,KOSDAQ,우량기업부
엘티씨,170920,KOSDAQ,벤처기업부
한글과컴퓨터,030520,KOSDAQ,우량기업부
하이록코리아,013030,KOSDAQ,우량기업부
비츠로넥스텍,488900,KOSDAQ,기술성장기업부
인투셀,287840,KOSDAQ,기술성장기업부
시노펙스,025320,KOSDAQ,우량기업부
오킨스전자,080580,KOSDAQ,벤처기업부
펨트론,168360,KOSDAQ,벤처기업부
메가스터디교육,215200,KOSDAQ,우량기업부
에스티아이,039440,KOSDAQ,우량기업부
국일제지,078130,KOSDAQ,중견기업부
동화기업,025900,KOSDAQ,중견기업부
페니트리움바이오,187660,KOSDAQ,중견기업부
네오위즈,095660,KOSDAQ,우량기업부
휴온스,243070,KOSDAQ,우량기업부
한중엔시에스,107640,KOSDAQ,기술성장기업부
가비아,079940,KOSDAQ,우량기업부
HLB제약,047920,KOSDAQ,기술성장기업부
월덱스,101160,KOSDAQ,우량기업부
유티아이,179900,KOSDAQ,투자주의환기종목(소속부없음)
삼양엔씨켐,482630,KOSDAQ,중견기업부
HEM파마,376270,KOSDAQ,기술성장기업부
덕산테코피아,317330,KOSDAQ,중견기업부
한솔아이원스,114810,KOSDAQ,우량기업부
뉴파워프라즈마,144960,KOSDAQ,우량기업부
한스바이오메드,042520,KOSDAQ,벤처기업부
휴온스글로벌,084110,KOSDAQ,우량기업부
지엔씨에너지,119850,KOSDAQ,우량기업부
HLB생명과학,067630,KOSDAQ,투자주의환기종목(소속부없음)
신라젠,215600,KOSDAQ,중견기업부
에치에프알,230240,KOSDAQ,중견기업부
저스템,417840,KOSDAQ,벤처기업부
제우스,079370,KOSDAQ,우량기업부
오픈엣지테크놀로지,394280,KOSDAQ,기술성장기업부
이뮨온시아,424870,KOSDAQ,기술성장기업부
파인엠텍,441270,KOSDAQ,벤처기업부
유바이오로직스,206650,KOSDAQ,우량기업부
삼양컴텍,484590,KOSDAQ,벤처기업부
넥스트바이오메디컬,389650,KOSDAQ,기술성장기업부
한텍,098070,KOSDAQ,중견기업부
티로보틱스,117730,KOSDAQ,벤처기업부
엑시콘,092870,KOSDAQ,우량기업부
엔젤로보틱스,455900,KOSDAQ,기술성장기업부
타이거일렉,219130,KOSDAQ,벤처기업부
헥토파이낸셜,234340,KOSDAQ,우량기업부
메카로,241770,KOSDAQ,우량기업부
사피엔반도체,452430,KOSDAQ,기술성장기업부
LS증권,078020,KOSDAQ,우량기업부
AP시스템,265520,KOSDAQ,우량기업부
우리로,046970,KOSDAQ,벤처기업부
글로벌텍스프리,204620,KOSDAQ,우량기업부
네오티스,085910,KOSDAQ,중견기업부
진성티이씨,036890,KOSDAQ,우량기업부
위메이드맥스,101730,KOSDAQ,중견기업부
케이프,064820,KOSDAQ,우량기업부
우주일렉트로,065680,KOSDAQ,우량기업부
비츠로테크,042370,KOSDAQ,우량기업부
에이스침대,003800,KOSDAQ,우량기업부
퓨쳐켐,220100,KOSDAQ,기술성장기업부
코스텍시스,355150,KOSDAQ,벤처기업부
싸이맥스,160980,KOSDAQ,우량기업부
덕양에너젠,0001A0,KOSDAQ,중견기업부
아스테라시스,450950,KOSDAQ,벤처기업부
에스바이오메딕스,304360,KOSDAQ,벤처기업부
파트론,091700,KOSDAQ,우량기업부
상아프론테크,089980,KOSDAQ,우량기업부
이지홀딩스,035810,KOSDAQ,우량기업부
한국정보통신,025770,KOSDAQ,우량기업부
에이치엠넥스,036170,KOSDAQ,중견기업부
컴투스,078340,KOSDAQ,중견기업부
한라IMS,092460,KOSDAQ,우량기업부
칩스앤미디어,094360,KOSDAQ,벤처기업부
지노믹트리,228760,KOSDAQ,기술성장기업부
콜마비앤에이치,200130,KOSDAQ,우량기업부
카나프테라퓨틱스,0082N0,KOSDAQ,기술성장기업부
에코아이,448280,KOSDAQ,중견기업부
켄코아에어로스페이스,274090,KOSDAQ,기술성장기업부
슈어소프트테크,298830,KOSDAQ,우량기업부
유니테스트,086390,KOSDAQ,중견기업부
DSC인베스트먼트,241520,KOSDAQ,중견기업부
웹젠,069080,KOSDAQ,우량기업부
HB테크놀러지,078150,KOSDAQ,우량기업부
셀비온,308430,KOSDAQ,기술성장기업부
필에너지,378340,KOSDAQ,중견기업부
에이직랜드,445090,KOSDAQ,벤처기업부
휴메딕스,200670,KOSDAQ,우량기업부
에이팩트,200470,KOSDAQ,중견기업부
헬릭스미스,084990,KOSDAQ,기술성장기업부
노바렉스,194700,KOSDAQ,우량기업부
DXVX,180400,KOSDAQ,관리종목(소속부없음)
인탑스,049070,KOSDAQ,우량기업부
삼목에스폼,018310,KOSDAQ,우량기업부
나우로보틱스,459510,KOSDAQ,기술성장기업부
바이오플러스,099430,KOSDAQ,우량기업부
아이씨티케이,456010,KOSDAQ,기술성장기업부
하림,136480,KOSDAQ,우량기업부
이랜텍,054210,KOSDAQ,우량기업부
드림시큐리티,203650,KOSDAQ,중견기업부
에스엔시스,0008Z0,KOSDAQ,벤처기업부
아이티엠반도체,084850,KOSDAQ,중견기업부
지씨셀,144510,KOSDAQ,중견기업부
LB세미콘,061970,KOSDAQ,중견기업부
유니셈,036200,KOSDAQ,우량기업부
인텍플러스,064290,KOSDAQ,중견기업부
LIG아큐버,073490,KOSDAQ,우량기업부
씨메스로보틱스,475400,KOSDAQ,기술성장기업부
대명에너지,389260,KOSDAQ,우량기업부
안트로젠,065660,KOSDAQ,기술성장기업부
모베이스전자,012860,KOSDAQ,우량기업부
슈프리마,236200,KOSDAQ,우량기업부
메디아나,041920,KOSDAQ,우량기업부
이노스페이스,462350,KOSDAQ,기술성장기업부
나라스페이스테크놀로지,478340,KOSDAQ,기술성장기업부
큐리오시스,494120,KOSDAQ,기술성장기업부
오르비텍,046120,KOSDAQ,중견기업부
강원에너지,114190,KOSDAQ,중견기업부
제이오,418550,KOSDAQ,기술성장기업부
그래피,318060,KOSDAQ,기술성장기업부
바이넥스,053030,KOSDAQ,중견기업부
리센스메디컬,394420,KOSDAQ,기술성장기업부
쓰리빌리언,394800,KOSDAQ,기술성장기업부
바텍,043150,KOSDAQ,우량기업부
제일일렉트릭,199820,KOSDAQ,우량기업부
네오팜,092730,KOSDAQ,우량기업부
신흥에스이씨,243840,KOSDAQ,우량기업부
오리엔탈정공,014940,KOSDAQ,우량기업부
바이오다인,314930,KOSDAQ,기술성장기업부
큐라클,365270,KOSDAQ,기술성장기업부
CJ프레시웨이,051500,KOSDAQ,우량기업부
KG에코솔루션,151860,KOSDAQ,우량기업부
와이씨켐,112290,KOSDAQ,기술성장기업부
에이스테크,088800,KOSDAQ,중견기업부
에프앤가이드,064850,KOSDAQ,벤처기업부
강스템바이오텍,217730,KOSDAQ,기술성장기업부
상신이디피,091580,KOSDAQ,우량기업부
유진기업,023410,KOSDAQ,중견기업부
골프존,215000,KOSDAQ,우량기업부
링크솔루션,474650,KOSDAQ,기술성장기업부
와이바이오로직스,338840,KOSDAQ,기술성장기업부
나이스정보통신,036800,KOSDAQ,우량기업부
매커스,093520,KOSDAQ,우량기업부
씨앤씨인터내셔널,352480,KOSDAQ,우량기업부
마이크로컨텍솔,098120,KOSDAQ,우량기업부
KG이니시스,035600,KOSDAQ,우량기업부
셀바스AI,108860,KOSDAQ,벤처기업부
컨텍,451760,KOSDAQ,기술성장기업부
엠로,058970,KOSDAQ,기술성장기업부
제이브이엠,054950,KOSDAQ,우량기업부
자람테크놀로지,389020,KOSDAQ,기술성장기업부
라온텍,418420,KOSDAQ,기술성장기업부
토비스,051360,KOSDAQ,우량기업부
KH바텍,060720,KOSDAQ,중견기업부
폰드그룹,472850,KOSDAQ,중견기업부
티움바이오,321550,KOSDAQ,기술성장기업부
재영솔루텍,049630,KOSDAQ,우량기업부
그린광학,0015G0,KOSDAQ,기술성장기업부
아이티켐,309710,KOSDAQ,관리종목(소속부없음)
지앤비에스 에코,382800,KOSDAQ,우량기업부
마녀공장,439090,KOSDAQ,우량기업부
아스트,067390,KOSDAQ,중견기업부
엔케이젠바이오텍코리아,182400,KOSDAQ,관리종목(소속부없음)
한국캐피탈,023760,KOSDAQ,우량기업부
뷰웍스,100120,KOSDAQ,우량기업부
신성에스티,416180,KOSDAQ,벤처기업부
매일유업,267980,KOSDAQ,우량기업부
케이엔제이,272110,KOSDAQ,우량기업부
그린리소스,402490,KOSDAQ,기술성장기업부
티씨머티리얼즈,125020,KOSDAQ,중견기업부
피에이치에이,043370,KOSDAQ,우량기업부
바이오니아,064550,KOSDAQ,중견기업부
갤럭시아머니트리,094480,KOSDAQ,우량기업부
HLB테라퓨틱스,115450,KOSDAQ,중견기업부
미래나노텍,095500,KOSDAQ,우량기업부
아모텍,052710,KOSDAQ,중견기업부
GRT,900290,KOSDAQ,외국기업(소속부없음)
석경에이티,357550,KOSDAQ,기술성장기업부
비덴트,121800,KOSDAQ,관리종목(소속부없음)
퀄리타스반도체,432720,KOSDAQ,기술성장기업부
큐에이드,377460,KOSDAQ,관리종목(소속부없음)
스맥,099440,KOSDAQ,중견기업부
SAMG엔터,419530,KOSDAQ,기술성장기업부
인터플렉스,051370,KOSDAQ,우량기업부
에코앤드림,101360,KOSDAQ,벤처기업부
메쥬,0088M0,KOSDAQ,기술성장기업부
한국알콜,017890,KOSDAQ,우량기업부
와이엠티,251370,KOSDAQ,벤처기업부
베뉴지,019010,KOSDAQ,중견기업부
JTC,950170,KOSDAQ,외국기업(소속부없음)
쿠콘,294570,KOSDAQ,우량기업부
소룩스,290690,KOSDAQ,중견기업부
오로스테크놀로지,322310,KOSDAQ,벤처기업부
세보엠이씨,011560,KOSDAQ,우량기업부
디엔에프,092070,KOSDAQ,중견기업부
앤로보틱스,138360,KOSDAQ,벤처기업부
바디텍메드,206640,KOSDAQ,우량기업부
나무가,190510,KOSDAQ,우량기업부
삼미금속,012210,KOSDAQ,중견기업부
대화제약,067080,KOSDAQ,중견기업부
이지바이오,353810,KOSDAQ,우량기업부
케이티알파,036030,KOSDAQ,우량기업부
유니슨,018000,KOSDAQ,중견기업부
아크릴,0007C0,KOSDAQ,기술성장기업부
나이벡,138610,KOSDAQ,기술성장기업부
아이스크림미디어,461300,KOSDAQ,벤처기업부
텔레칩스,054450,KOSDAQ,중견기업부
유비쿼스홀딩스,078070,KOSDAQ,중견기업부
지놈앤컴퍼니,314130,KOSDAQ,기술성장기업부
SG,255220,KOSDAQ,중견기업부
인터로조,119610,KOSDAQ,우량기업부
대아티아이,045390,KOSDAQ,우량기업부
티엑스알로보틱스,484810,KOSDAQ,벤처기업부
엠디바이스,226590,KOSDAQ,기술성장기업부
AP위성,211270,KOSDAQ,우량기업부
대원산업,005710,KOSDAQ,우량기업부
아나패스,123860,KOSDAQ,우량기업부
아이엘,307180,KOSDAQ,벤처기업부
제노코,361390,KOSDAQ,벤처기업부
에스투더블유,488280,KOSDAQ,기술성장기업부
디지털대성,068930,KOSDAQ,우량기업부
케이피항공산업,288180,KOSDAQ,중견기업부
동원개발,013120,KOSDAQ,우량기업부
한국정보인증,053300,KOSDAQ,우량기업부
일진파워,094820,KOSDAQ,우량기업부
범한퓨얼셀,382900,KOSDAQ,벤처기업부
세나테크놀로지,061090,KOSDAQ,중견기업부
윤성에프앤씨,372170,KOSDAQ,우량기업부
BGF에코머티리얼즈,126600,KOSDAQ,우량기업부
솔트룩스,304100,KOSDAQ,기술성장기업부
듀켐바이오,176750,KOSDAQ,기술성장기업부
하이비젼시스템,126700,KOSDAQ,우량기업부
해성산업,034810,KOSDAQ,중견기업부
바이오솔루션,086820,KOSDAQ,기술성장기업부
한국비엔씨,256840,KOSDAQ,우량기업부
폴레드,487580,KOSDAQ,벤처기업부
와이솔,122990,KOSDAQ,중견기업부
대양전기공업,108380,KOSDAQ,우량기업부
엘오티베큠,083310,KOSDAQ,우량기업부
와이제이링크,209640,KOSDAQ,중견기업부
에이유브랜즈,481070,KOSDAQ,중견기업부
헥토이노베이션,214180,KOSDAQ,우량기업부
아스플로,159010,KOSDAQ,벤처기업부
도우인시스,484120,KOSDAQ,중견기업부
서호전기,065710,KOSDAQ,우량기업부
우진엔텍,457550,KOSDAQ,중견기업부
새로닉스,042600,KOSDAQ,중견기업부
루미르,474170,KOSDAQ,기술성장기업부
클리오,237880,KOSDAQ,우량기업부
큐알티,405100,KOSDAQ,중견기업부
에스오에스랩,464080,KOSDAQ,기술성장기업부
SKAI,357880,KOSDAQ,기술성장기업부
어보브반도체,102120,KOSDAQ,벤처기업부
이랜시스,264850,KOSDAQ,중견기업부
코텍,052330,KOSDAQ,우량기업부
흥구석유,024060,KOSDAQ,중견기업부
심텍홀딩스,036710,KOSDAQ,중견기업부
메가터치,446540,KOSDAQ,중견기업부
옵티코어,380540,KOSDAQ,관리종목(소속부없음)
디오,039840,KOSDAQ,중견기업부
지투파워,388050,KOSDAQ,우량기업부
CMG제약,058820,KOSDAQ,중견기업부
지구홀딩스,221800,KOSDAQ,기술성장기업부
나노,187790,KOSDAQ,벤처기업부
케이엔알시스템,199430,KOSDAQ,기술성장기업부
제테마,216080,KOSDAQ,벤처기업부
데브시스터즈,194480,KOSDAQ,벤처기업부
KZ정밀,036560,KOSDAQ,우량기업부
더즌,462860,KOSDAQ,벤처기업부
코난테크놀로지,402030,KOSDAQ,기술성장기업부
성우,458650,KOSDAQ,벤처기업부
엘케이켐,489500,KOSDAQ,벤처기업부
골프존홀딩스,121440,KOSDAQ,우량기업부
에스앤디,260970,KOSDAQ,우량기업부
KBI메탈,024840,KOSDAQ,중견기업부
유비쿼스,264450,KOSDAQ,우량기업부
잉글우드랩,950140,KOSDAQ,외국기업(소속부없음)
피아이이,452450,KOSDAQ,벤처기업부
인피니트헬스케어,071200,KOSDAQ,중견기업부
아바코,083930,KOSDAQ,우량기업부
나노엔텍,039860,KOSDAQ,중견기업부
코아스템켐온,166480,KOSDAQ,벤처기업부
나노팀,417010,KOSDAQ,벤처기업부
노바텍,285490,KOSDAQ,벤처기업부
모트렉스,118990,KOSDAQ,우량기업부
금화피에스시,036190,KOSDAQ,우량기업부
에브리봇,270660,KOSDAQ,벤처기업부
뉴로핏,380550,KOSDAQ,기술성장기업부
바이젠셀,308080,KOSDAQ,기술성장기업부
나우IB,293580,KOSDAQ,중견기업부
퓨릿,445180,KOSDAQ,우량기업부
아모그린텍,125210,KOSDAQ,우량기업부
알에스오토메이션,140670,KOSDAQ,중견기업부
현대사료,016790,KOSDAQ,관리종목(소속부없음)
비씨엔씨,146320,KOSDAQ,벤처기업부
폴라리스오피스,041020,KOSDAQ,벤처기업부
제넥신,095700,KOSDAQ,기술성장기업부
풍원정밀,371950,KOSDAQ,기술성장기업부
모두투어,080160,KOSDAQ,우량기업부
제룡산업,147830,KOSDAQ,벤처기업부
GC메디아이,032620,KOSDAQ,우량기업부
라온로보틱스,232680,KOSDAQ,기술성장기업부
티케이케미칼,104480,KOSDAQ,중견기업부
웨이비스,289930,KOSDAQ,기술성장기업부
SV인베스트먼트,289080,KOSDAQ,중견기업부
네오위즈홀딩스,042420,KOSDAQ,우량기업부
리파인,377450,KOSDAQ,우량기업부
인선이엔티,060150,KOSDAQ,중견기업부
동양이엔피,079960,KOSDAQ,우량기업부
RF시스템즈,474610,KOSDAQ,벤처기업부
슈피겐코리아,192440,KOSDAQ,우량기업부
핑거,163730,KOSDAQ,벤처기업부
녹십자웰빙,234690,KOSDAQ,우량기업부
국보디자인,066620,KOSDAQ,우량기업부
코칩,126730,KOSDAQ,벤처기업부
더핑크퐁컴퍼니,403850,KOSDAQ,중견기업부
압타바이오,293780,KOSDAQ,기술성장기업부
아이디스,143160,KOSDAQ,우량기업부
우림피티에스,101170,KOSDAQ,벤처기업부
다산네트웍스,039560,KOSDAQ,중견기업부
코스맥스엔비티,222040,KOSDAQ,중견기업부
에프엔에스테크,083500,KOSDAQ,우량기업부
케이에스피,073010,KOSDAQ,우량기업부
다원넥스뷰,323350,KOSDAQ,기술성장기업부
아진엑스텍,059120,KOSDAQ,벤처기업부
에이비온,203400,KOSDAQ,기술성장기업부
이크레더블,092130,KOSDAQ,중견기업부
아바텍,149950,KOSDAQ,우량기업부
우양에이치씨,101970,KOSDAQ,중견기업부
푸른저축은행,007330,KOSDAQ,투자주의환기종목(소속부없음)
엠플러스,259630,KOSDAQ,우량기업부
엠아이텍,179290,KOSDAQ,우량기업부
액스비스,0011A0,KOSDAQ,벤처기업부
씨앤지하이테크,264660,KOSDAQ,우량기업부
아이텍,119830,KOSDAQ,중견기업부
사람인,143240,KOSDAQ,우량기업부
나인테크,267320,KOSDAQ,벤처기업부
센서뷰,321370,KOSDAQ,기술성장기업부
유성티엔에스,024800,KOSDAQ,우량기업부
누리플렉스,040160,KOSDAQ,중견기업부
세명전기,017510,KOSDAQ,벤처기업부
파워로직스,047310,KOSDAQ,우량기업부
하나기술,299030,KOSDAQ,벤처기업부
레드캡투어,038390,KOSDAQ,우량기업부
넥스트칩,396270,KOSDAQ,벤처기업부
코메론,049430,KOSDAQ,우량기업부
쇼박스,086980,KOSDAQ,중견기업부
디바이스,187870,KOSDAQ,우량기업부
피델릭스,032580,KOSDAQ,중견기업부
코리아에프티,123410,KOSDAQ,우량기업부
쎌바이오텍,049960,KOSDAQ,벤처기업부
인포바인,115310,KOSDAQ,벤처기업부
중앙첨단소재,051980,KOSDAQ,중견기업부
KG파이낸셜,046440,KOSDAQ,우량기업부
하이텍팜,106190,KOSDAQ,우량기업부
제닉,123330,KOSDAQ,우량기업부
노머스,473980,KOSDAQ,기술성장기업부
켐트로스,220260,KOSDAQ,벤처기업부
경동제약,011040,KOSDAQ,중견기업부
한빛레이저,452190,KOSDAQ,벤처기업부
동방메디컬,240550,KOSDAQ,중견기업부
대한약품,023910,KOSDAQ,우량기업부
코윈테크,282880,KOSDAQ,우량기업부
시지메드텍,056090,KOSDAQ,벤처기업부
아이디스홀딩스,054800,KOSDAQ,중견기업부
국전,307750,KOSDAQ,중견기업부
아가방컴퍼니,013990,KOSDAQ,우량기업부
티쓰리,204610,KOSDAQ,벤처기업부
한컴위드,054920,KOSDAQ,중견기업부
HB솔루션,297890,KOSDAQ,우량기업부
비보존 제약,082800,KOSDAQ,중견기업부
파워넷,037030,KOSDAQ,우량기업부
오로라,039830,KOSDAQ,우량기업부
버킷스튜디오,066410,KOSDAQ,투자주의환기종목(소속부없음)
케이씨에스,115500,KOSDAQ,중견기업부
코다코,046070,KOSDAQ,관리종목(소속부없음)
엔알비,475230,KOSDAQ,벤처기업부
시너지이노베이션,048870,KOSDAQ,중견기업부
가온그룹,078890,KOSDAQ,중견기업부
레이저쎌,412350,KOSDAQ,기술성장기업부
이노테크,469610,KOSDAQ,중견기업부
한국첨단소재,062970,KOSDAQ,중견기업부
지씨지놈,340450,KOSDAQ,기술성장기업부
아모센스,357580,KOSDAQ,기술성장기업부
엔비알모션,0004V0,KOSDAQ,기술성장기업부
DMS,068790,KOSDAQ,우량기업부
아톤,158430,KOSDAQ,벤처기업부
프레스티지바이오로직스,334970,KOSDAQ,기술성장기업부
씨에스베어링,297090,KOSDAQ,투자주의환기종목(소속부없음)
이수앱지스,086890,KOSDAQ,중견기업부
오늘이엔엠,192410,KOSDAQ,중견기업부
에이엘티,172670,KOSDAQ,벤처기업부
대동기어,008830,KOSDAQ,중견기업부
메가스터디,072870,KOSDAQ,우량기업부
동국산업,005160,KOSDAQ,중견기업부
아이패밀리에스씨,114840,KOSDAQ,우량기업부
메쎄이상,408920,KOSDAQ,우량기업부
케이엔솔,053080,KOSDAQ,중견기업부
제닉스로보틱스,381620,KOSDAQ,중견기업부
신화프리텍,095190,KOSDAQ,중견기업부
멀티캠퍼스,067280,KOSDAQ,우량기업부
나무기술,242040,KOSDAQ,기술성장기업부
케이알엠,093640,KOSDAQ,벤처기업부
테라뷰,950250,KOSDAQ,기술성장기업부
액트로,290740,KOSDAQ,벤처기업부
마크로젠,038290,KOSDAQ,중견기업부
비엠티,086670,KOSDAQ,우량기업부
이엘씨,041520,KOSDAQ,투자주의환기종목(소속부없음)
선광,003100,KOSDAQ,우량기업부
MDS테크,086960,KOSDAQ,우량기업부
LS티라유텍,322180,KOSDAQ,벤처기업부
톱텍,108230,KOSDAQ,우량기업부
삼보판지,023600,KOSDAQ,우량기업부
파세코,037070,KOSDAQ,중견기업부
성도이엔지,037350,KOSDAQ,우량기업부
세아메카닉스,396300,KOSDAQ,우량기업부
피에스텍,002230,KOSDAQ,우량기업부
빅솔론,093190,KOSDAQ,우량기업부
케이엔더블유,105330,KOSDAQ,중견기업부
안국약품,001540,KOSDAQ,우량기업부
팜스토리,027710,KOSDAQ,우량기업부
넵튠,217270,KOSDAQ,중견기업부
아이로보틱스,066430,KOSDAQ,중견기업부
세경하이테크,148150,KOSDAQ,우량기업부
에스텍,069510,KOSDAQ,우량기업부
그리드위즈,453450,KOSDAQ,중견기업부
대성하이텍,129920,KOSDAQ,벤처기업부
현대에버다임,041440,KOSDAQ,우량기업부
동아엘텍,088130,KOSDAQ,우량기업부
오성첨단소재,052420,KOSDAQ,우량기업부
에스와이스틸텍,365330,KOSDAQ,우량기업부
일승,333430,KOSDAQ,중견기업부
고려신용정보,049720,KOSDAQ,우량기업부
네오오토,212560,KOSDAQ,우량기업부
지니언스,263860,KOSDAQ,벤처기업부
매일홀딩스,005990,KOSDAQ,우량기업부
뷰노,338220,KOSDAQ,기술성장기업부
윈스테크넷,136540,KOSDAQ,우량기업부
도이치모터스,067990,KOSDAQ,우량기업부
에이티넘인베스트,021080,KOSDAQ,우량기업부
박셀바이오,323990,KOSDAQ,기술성장기업부
유니트론텍,142210,KOSDAQ,우량기업부
메드팩토,235980,KOSDAQ,기술성장기업부
라이콤,388790,KOSDAQ,벤처기업부
우리넷,115440,KOSDAQ,우량기업부
플리토,300080,KOSDAQ,기술성장기업부
YTN,040300,KOSDAQ,중견기업부
모다이노칩,080420,KOSDAQ,중견기업부
녹십자엠에스,142280,KOSDAQ,중견기업부
원익,032940,KOSDAQ,우량기업부
제이아이테크,417500,KOSDAQ,우량기업부
NICE인프라,063570,KOSDAQ,우량기업부
드림씨아이에스,223250,KOSDAQ,벤처기업부
디알텍,214680,KOSDAQ,벤처기업부
이스트소프트,047560,KOSDAQ,중견기업부
탑런토탈솔루션,336680,KOSDAQ,중견기업부
LK삼양,225190,KOSDAQ,중견기업부
아미코젠,092040,KOSDAQ,기술성장기업부
시스웍,269620,KOSDAQ,관리종목(소속부없음)
원익피앤이,217820,KOSDAQ,중견기업부
금양그린파워,282720,KOSDAQ,중견기업부
KX,122450,KOSDAQ,중견기업부
컴퍼니케이,307930,KOSDAQ,중견기업부
삼영엠텍,054540,KOSDAQ,우량기업부
엠에스오토텍,123040,KOSDAQ,중견기업부
엘앤케이바이오,156100,KOSDAQ,벤처기업부
KT나스미디어,089600,KOSDAQ,우량기업부
삼보모터스,053700,KOSDAQ,우량기업부
동구바이오제약,006620,KOSDAQ,우량기업부
지아이에스,306620,KOSDAQ,벤처기업부
모비스,250060,KOSDAQ,기술성장기업부
한일사료,005860,KOSDAQ,우량기업부
새빗켐,107600,KOSDAQ,벤처기업부
뉴프렉스,085670,KOSDAQ,우량기업부
아진산업,013310,KOSDAQ,우량기업부
수젠텍,253840,KOSDAQ,중견기업부
워트,396470,KOSDAQ,중견기업부
기가레인,049080,KOSDAQ,벤처기업부
공구우먼,366030,KOSDAQ,중견기업부
디앤씨미디어,263720,KOSDAQ,우량기업부
빅텍,065450,KOSDAQ,벤처기업부
로체시스템즈,071280,KOSDAQ,우량기업부
KCC건설,021320,KOSDAQ,우량기업부
애니플러스,310200,KOSDAQ,중견기업부
코맥스,036690,KOSDAQ,관리종목(소속부없음)
야스,255440,KOSDAQ,벤처기업부
아이비김영,339950,KOSDAQ,우량기업부
엑세스바이오,950130,KOSDAQ,외국기업(소속부없음)
싸이닉솔루션,234030,KOSDAQ,중견기업부
라온시큐어,042510,KOSDAQ,벤처기업부
지에프아이,493330,KOSDAQ,벤처기업부
미래컴퍼니,049950,KOSDAQ,중견기업부
현대이지웰,090850,KOSDAQ,우량기업부
머큐리,100590,KOSDAQ,중견기업부
큐브엔터,182360,KOSDAQ,우량기업부
KX하이텍,052900,KOSDAQ,우량기업부
초록뱀미디어,047820,KOSDAQ,중견기업부
옵투스제약,131030,KOSDAQ,우량기업부
에이럭스,475580,KOSDAQ,벤처기업부
이엔셀,456070,KOSDAQ,기술성장기업부
와이엔텍,067900,KOSDAQ,우량기업부
엑셈,205100,KOSDAQ,벤처기업부
제이엘케이,322510,KOSDAQ,기술성장기업부
로보로보,215100,KOSDAQ,벤처기업부
해성옵틱스,076610,KOSDAQ,벤처기업부
지니너스,389030,KOSDAQ,기술성장기업부
현대바이오랜드,052260,KOSDAQ,우량기업부
탑머티리얼,360070,KOSDAQ,중견기업부
킵스파마,256940,KOSDAQ,벤처기업부
인벤테라,0007J0,KOSDAQ,기술성장기업부
엠에스씨,009780,KOSDAQ,우량기업부
비아트론,141000,KOSDAQ,벤처기업부
좋은사람들,033340,KOSDAQ,중견기업부
스톤브릿지벤처스,330730,KOSDAQ,벤처기업부
NH농우바이오,054050,KOSDAQ,우량기업부
우리손에프앤지,073560,KOSDAQ,우량기업부
동신건설,025950,KOSDAQ,우량기업부
플래스크,041590,KOSDAQ,관리종목(소속부없음)
폴라리스AI,039980,KOSDAQ,중견기업부
디에스케이,109740,KOSDAQ,벤처기업부
코아시아,045970,KOSDAQ,중견기업부
코데즈컴바인,047770,KOSDAQ,중견기업부
유아이엘,049520,KOSDAQ,우량기업부
광무,029480,KOSDAQ,중견기업부
셀레믹스,331920,KOSDAQ,기술성장기업부
오스테오닉,226400,KOSDAQ,기술성장기업부
LB인베스트먼트,309960,KOSDAQ,중견기업부
에스와이,109610,KOSDAQ,중견기업부
상상인,038540,KOSDAQ,중견기업부
진로발효,018120,KOSDAQ,우량기업부
엑스페릭스,317770,KOSDAQ,벤처기업부
와이즈넛,096250,KOSDAQ,기술성장기업부
해성에어로보틱스,059270,KOSDAQ,기술성장기업부
에코플라스틱,038110,KOSDAQ,우량기업부
지어소프트,051160,KOSDAQ,중견기업부
쿼드메디슨,464490,KOSDAQ,기술성장기업부
THE E&M,089230,KOSDAQ,중견기업부
그래디언트,035080,KOSDAQ,중견기업부
중앙에너비스,000440,KOSDAQ,중견기업부
빛샘전자,072950,KOSDAQ,벤처기업부
원준,382840,KOSDAQ,중견기업부
알서포트,131370,KOSDAQ,벤처기업부
하이로닉,149980,KOSDAQ,중견기업부
동국S&C,100130,KOSDAQ,중견기업부
씨피시스템,413630,KOSDAQ,벤처기업부
한패스,408470,KOSDAQ,중견기업부
디와이피엔에프,104460,KOSDAQ,우량기업부
아비코전자,036010,KOSDAQ,중견기업부
풍국주정,023900,KOSDAQ,우량기업부
한국파마,032300,KOSDAQ,중견기업부
한국가구,004590,KOSDAQ,중견기업부
에이프로,262260,KOSDAQ,우량기업부
에이치피오,357230,KOSDAQ,우량기업부
조이시티,067000,KOSDAQ,중견기업부
원일티엔아이,136150,KOSDAQ,벤처기업부
큐에스아이,066310,KOSDAQ,벤처기업부
레이언스,228850,KOSDAQ,우량기업부
티앤알바이오팹,246710,KOSDAQ,기술성장기업부
에스피소프트,443670,KOSDAQ,중견기업부
푸드나무,290720,KOSDAQ,중견기업부
HC보광산업,225530,KOSDAQ,우량기업부
대봉엘에스,078140,KOSDAQ,우량기업부
메타바이오메드,059210,KOSDAQ,우량기업부
아이앤씨,052860,KOSDAQ,벤처기업부
세운메디칼,100700,KOSDAQ,우량기업부
선진뷰티사이언스,086710,KOSDAQ,우량기업부
케이피에프,024880,KOSDAQ,우량기업부
에이치엔에스하이텍,044990,KOSDAQ,기술성장기업부
크레버스,096240,KOSDAQ,우량기업부
휴마시스,205470,KOSDAQ,중견기업부
페스카로,0015S0,KOSDAQ,기술성장기업부
아미노로직스,074430,KOSDAQ,중견기업부
모델솔루션,417970,KOSDAQ,우량기업부
아우토크립트,331740,KOSDAQ,기술성장기업부
지오엘리먼트,311320,KOSDAQ,기술성장기업부
엔에프씨,265740,KOSDAQ,벤처기업부
한국경제TV,039340,KOSDAQ,우량기업부
제이스로보틱스,090470,KOSDAQ,벤처기업부
싸이토젠,217330,KOSDAQ,기술성장기업부
오상헬스케어,036220,KOSDAQ,우량기업부
오가노이드사이언스,476040,KOSDAQ,기술성장기업부
젝시믹스,337930,KOSDAQ,우량기업부
이엠텍,091120,KOSDAQ,중견기업부
링네트,042500,KOSDAQ,우량기업부
서울옥션,063170,KOSDAQ,중견기업부
알파칩스,117670,KOSDAQ,벤처기업부
프로이천,321260,KOSDAQ,벤처기업부
레이,228670,KOSDAQ,벤처기업부
더네이쳐홀딩스,298540,KOSDAQ,우량기업부
슈프리마에이치큐,094840,KOSDAQ,벤처기업부
SY동아,041930,KOSDAQ,우량기업부
SBI인베스트먼트,019550,KOSDAQ,중견기업부
APS이노베이션,079810,KOSDAQ,우량기업부
세종텔레콤,036630,KOSDAQ,우량기업부
랩지노믹스,084650,KOSDAQ,중견기업부
로젠,033290,KOSDAQ,우량기업부
모베이스,101330,KOSDAQ,중견기업부
바이오에프디엔씨,251120,KOSDAQ,기술성장기업부
테라젠이텍스,066700,KOSDAQ,중견기업부
웹케시,053580,KOSDAQ,우량기업부
삼아제약,009300,KOSDAQ,우량기업부
아스타,246720,KOSDAQ,관리종목(소속부없음)
포바이포,389140,KOSDAQ,벤처기업부
아이엠티,451220,KOSDAQ,기술성장기업부
아이에스티이,212710,KOSDAQ,기술성장기업부
대주산업,003310,KOSDAQ,우량기업부
스마트레이더시스템,424960,KOSDAQ,기술성장기업부
스톰테크,352090,KOSDAQ,우량기업부
SM C&C,048550,KOSDAQ,중견기업부
와이엠텍,273640,KOSDAQ,벤처기업부
한성크린텍,066980,KOSDAQ,벤처기업부
금강철강,053260,KOSDAQ,우량기업부
이지케어텍,099750,KOSDAQ,벤처기업부
대정화금,120240,KOSDAQ,우량기업부
컴투스홀딩스,063080,KOSDAQ,중견기업부
위더스제약,330350,KOSDAQ,우량기업부
이녹스,088390,KOSDAQ,중견기업부
지아이텍,382480,KOSDAQ,벤처기업부
하이드로리튬,101670,KOSDAQ,중견기업부
APS,054620,KOSDAQ,중견기업부
씨씨에스,066790,KOSDAQ,관리종목(소속부없음)
샌즈랩,411080,KOSDAQ,기술성장기업부
아이진,185490,KOSDAQ,벤처기업부
다원시스,068240,KOSDAQ,관리종목(소속부없음)
오파스넷,173130,KOSDAQ,중견기업부
피앤에스로보틱스,460940,KOSDAQ,기술성장기업부
넥써쓰,205500,KOSDAQ,중견기업부
케이엔에스,432470,KOSDAQ,벤처기업부
바이오비쥬,489460,KOSDAQ,벤처기업부
휴먼테크놀로지,175140,KOSDAQ,투자주의환기종목(소속부없음)
쎄크,081180,KOSDAQ,기술성장기업부
위드텍,348350,KOSDAQ,벤처기업부
퓨런티어,370090,KOSDAQ,기술성장기업부
서남,294630,KOSDAQ,기술성장기업부
동국생명과학,303810,KOSDAQ,중견기업부
양지사,030960,KOSDAQ,중견기업부
솔본,035610,KOSDAQ,투자주의환기종목(소속부없음)
고스트스튜디오,950190,KOSDAQ,외국기업(소속부없음)
인트론바이오,048530,KOSDAQ,기술성장기업부
에스피시스템스,317830,KOSDAQ,벤처기업부
다이나믹솔루션,290660,KOSDAQ,기술성장기업부
KT지니뮤직,043610,KOSDAQ,중견기업부
셀바스헬스케어,208370,KOSDAQ,벤처기업부
중앙백신,072020,KOSDAQ,벤처기업부
서원인텍,093920,KOSDAQ,우량기업부
스모트로닉,066590,KOSDAQ,중견기업부
한일단조,024740,KOSDAQ,우량기업부
코츠테크놀로지,448710,KOSDAQ,벤처기업부
아이티센엔텍,010280,KOSDAQ,우량기업부
셀리드,299660,KOSDAQ,기술성장기업부
청담글로벌,362320,KOSDAQ,중견기업부
아이씨디,040910,KOSDAQ,중견기업부
오텍,067170,KOSDAQ,중견기업부
마음AI,377480,KOSDAQ,기술성장기업부
서한,011370,KOSDAQ,우량기업부
엠게임,058630,KOSDAQ,우량기업부
이노인스트루먼트,215790,KOSDAQ,중견기업부
엠엑스로보틱스,007820,KOSDAQ,중견기업부
브이원텍,251630,KOSDAQ,벤처기업부
피제이전자,006140,KOSDAQ,우량기업부
아로마티카,0015N0,KOSDAQ,벤처기업부
티에스아이,277880,KOSDAQ,우량기업부
정상제이엘에스,040420,KOSDAQ,우량기업부
이노메트리,302430,KOSDAQ,벤처기업부
영화테크,265560,KOSDAQ,우량기업부
푸른기술,094940,KOSDAQ,벤처기업부
KT밀리의서재,418470,KOSDAQ,우량기업부
삼륭물산,014970,KOSDAQ,중견기업부
우리바이오,082850,KOSDAQ,중견기업부
티플랙스,081150,KOSDAQ,중견기업부
뉴엔AI,463020,KOSDAQ,기술성장기업부
폴라리스AI파마,041910,KOSDAQ,우량기업부
엠엑스온,347890,KOSDAQ,벤처기업부
아크솔루션스,203690,KOSDAQ,관리종목(소속부없음)
대한뉴팜,054670,KOSDAQ,우량기업부
한국선재,025550,KOSDAQ,중견기업부
JW신약,067290,KOSDAQ,중견기업부
한울소재과학,091440,KOSDAQ,투자주의환기종목(소속부없음)
삼기에너지솔루션즈,419050,KOSDAQ,중견기업부
특수건설,026150,KOSDAQ,중견기업부
파로스아이바이오,388870,KOSDAQ,기술성장기업부
일지테크,019540,KOSDAQ,우량기업부
세원물산,024830,KOSDAQ,관리종목(소속부없음)
알에프텍,061040,KOSDAQ,중견기업부
씨티씨바이오,060590,KOSDAQ,중견기업부
이루온,065440,KOSDAQ,벤처기업부
창해에탄올,004650,KOSDAQ,우량기업부
민테크,452200,KOSDAQ,기술성장기업부
에스트래픽,234300,KOSDAQ,우량기업부
엔투텍,227950,KOSDAQ,벤처기업부
바이오스마트,038460,KOSDAQ,우량기업부
리메드,302550,KOSDAQ,기술성장기업부
차백신연구소,261780,KOSDAQ,기술성장기업부
테고사이언스,191420,KOSDAQ,벤처기업부
이브이첨단소재,131400,KOSDAQ,벤처기업부
미투온,201490,KOSDAQ,중견기업부
비투엔,307870,KOSDAQ,벤처기업부
CG인바이츠,083790,KOSDAQ,벤처기업부
KNN,058400,KOSDAQ,우량기업부
엠오티,413390,KOSDAQ,중견기업부
블루엠텍,439580,KOSDAQ,기술성장기업부
제너셈,217190,KOSDAQ,벤처기업부
디케이락,105740,KOSDAQ,우량기업부
제이씨케미칼,137950,KOSDAQ,우량기업부
대창솔루션,096350,KOSDAQ,벤처기업부
현대공업,170030,KOSDAQ,우량기업부
TPC로보틱스,048770,KOSDAQ,벤처기업부
팅크웨어,084730,KOSDAQ,중견기업부
현대에이치티,039010,KOSDAQ,우량기업부
덕우전자,263600,KOSDAQ,중견기업부
한국컴퓨터,054040,KOSDAQ,우량기업부
리드코프,012700,KOSDAQ,우량기업부
라이온켐텍,171120,KOSDAQ,우량기업부
위지트,036090,KOSDAQ,중견기업부
와이어블,065530,KOSDAQ,우량기업부
네오이뮨텍,950220,KOSDAQ,기술성장기업부
셀루메드,049180,KOSDAQ,투자주의환기종목(소속부없음)
엔지켐생명과학,183490,KOSDAQ,관리종목(소속부없음)
대림제지,017650,KOSDAQ,우량기업부
태웅로직스,124560,KOSDAQ,우량기업부
엔브이에이치코리아,067570,KOSDAQ,중견기업부
고바이오랩,348150,KOSDAQ,기술성장기업부
크리스에프앤씨,110790,KOSDAQ,우량기업부
위닉스,044340,KOSDAQ,중견기업부
더블유에스아이,299170,KOSDAQ,중견기업부
모티브링크,463480,KOSDAQ,중견기업부
휴비츠,065510,KOSDAQ,우량기업부
레뷰코퍼레이션,443250,KOSDAQ,벤처기업부
인성정보,033230,KOSDAQ,중견기업부
코위버,056360,KOSDAQ,벤처기업부
알엔티엑스,123010,KOSDAQ,기술성장기업부
앤디포스,238090,KOSDAQ,벤처기업부
아이큐어,175250,KOSDAQ,관리종목(소속부없음)
나이스디앤비,130580,KOSDAQ,우량기업부
서플러스글로벌,140070,KOSDAQ,벤처기업부
키스트론,475430,KOSDAQ,중견기업부
웨이브일렉트로,095270,KOSDAQ,벤처기업부
시공테크,020710,KOSDAQ,우량기업부
제일엠앤에스,412540,KOSDAQ,관리종목(소속부없음)
유니테크노,241690,KOSDAQ,우량기업부
쎄니트,037760,KOSDAQ,중견기업부
내츄럴엔도텍,168330,KOSDAQ,투자주의환기종목(소속부없음)
오픈베이스,049480,KOSDAQ,우량기업부
에이에스텍,453860,KOSDAQ,벤처기업부
러셀,217500,KOSDAQ,벤처기업부
HRS,036640,KOSDAQ,우량기업부
코닉오토메이션,391710,KOSDAQ,벤처기업부
선바이오,067370,KOSDAQ,기술성장기업부
화성밸브,039610,KOSDAQ,우량기업부
NPX,222160,KOSDAQ,관리종목(소속부없음)
유니크,011320,KOSDAQ,우량기업부
딥노이드,315640,KOSDAQ,기술성장기업부
신신제약,002800,KOSDAQ,우량기업부
CJ 바이오사이언스,311690,KOSDAQ,기술성장기업부
유라테크,048430,KOSDAQ,우량기업부
에스넷,038680,KOSDAQ,우량기업부
블랙야크아이앤씨,478560,KOSDAQ,벤처기업부
쏘닉스,088280,KOSDAQ,기술성장기업부
이상네트웍스,080010,KOSDAQ,중견기업부
삐아,451250,KOSDAQ,벤처기업부
정다운,208140,KOSDAQ,우량기업부
인크로스,216050,KOSDAQ,중견기업부
다보링크,340360,KOSDAQ,투자주의환기종목(소속부없음)
센코,347000,KOSDAQ,기술성장기업부
와이엠씨,155650,KOSDAQ,우량기업부
피제이메탈,128660,KOSDAQ,우량기업부
팬젠,222110,KOSDAQ,기술성장기업부
예스24,053280,KOSDAQ,중견기업부
알체라,347860,KOSDAQ,중견기업부
케이사인,192250,KOSDAQ,벤처기업부
현우산업,092300,KOSDAQ,우량기업부
우리산업,215360,KOSDAQ,우량기업부
남화산업,111710,KOSDAQ,중견기업부
비트컴퓨터,032850,KOSDAQ,벤처기업부
케이옥션,102370,KOSDAQ,기술성장기업부
노브랜드,145170,KOSDAQ,중견기업부
온코크로스,382150,KOSDAQ,기술성장기업부
HLB제넥스,187420,KOSDAQ,기술성장기업부
아이엠비디엑스,461030,KOSDAQ,기술성장기업부
위츠,459100,KOSDAQ,중견기업부
한울반도체,320000,KOSDAQ,중견기업부
삼현철강,017480,KOSDAQ,우량기업부
제이씨현시스템,033320,KOSDAQ,벤처기업부
대원미디어,048910,KOSDAQ,우량기업부
제이엔케이글로벌,126880,KOSDAQ,우량기업부
에이테크솔루션,071670,KOSDAQ,중견기업부
HC홈센타,060560,KOSDAQ,중견기업부
폴라리스세원,234100,KOSDAQ,우량기업부
3S,060310,KOSDAQ,벤처기업부
피엠티,147760,KOSDAQ,벤처기업부
우원개발,046940,KOSDAQ,우량기업부
에스에너지,095910,KOSDAQ,중견기업부
코스리거글로벌,043710,KOSDAQ,중견기업부
영우디에스피,143540,KOSDAQ,벤처기업부
에너토크,019990,KOSDAQ,중견기업부
희림,037440,KOSDAQ,우량기업부
옵티팜,153710,KOSDAQ,기술성장기업부
TJ미디어,032540,KOSDAQ,우량기업부
탑코미디어,134580,KOSDAQ,중견기업부
위메이드플레이,123420,KOSDAQ,우량기업부
데이타솔루션,263800,KOSDAQ,중견기업부
삼익제약,014950,KOSDAQ,벤처기업부
HLB파나진,046210,KOSDAQ,벤처기업부
티이엠씨씨엔에스,241790,KOSDAQ,우량기업부
에스씨디,042110,KOSDAQ,우량기업부
대성창투,027830,KOSDAQ,중견기업부
화일약품,061250,KOSDAQ,우량기업부
코셈,360350,KOSDAQ,기술성장기업부
지엘팜텍,204840,KOSDAQ,기술성장기업부
로스웰,900260,KOSDAQ,외국기업(소속부없음)
엑스플러스,373200,KOSDAQ,벤처기업부
에이텍,045660,KOSDAQ,우량기업부
부방,014470,KOSDAQ,벤처기업부
아이티센피엔에스,232830,KOSDAQ,벤처기업부
마이크로디지탈,305090,KOSDAQ,기술성장기업부
자이글,234920,KOSDAQ,관리종목(소속부없음)
압타머사이언스,291650,KOSDAQ,기술성장기업부
엔시스,333620,KOSDAQ,벤처기업부
크리스탈신소재,900250,KOSDAQ,외국기업(소속부없음)
마이크로투나노,424980,KOSDAQ,기술성장기업부
트루엔,417790,KOSDAQ,벤처기업부
세코닉스,053450,KOSDAQ,우량기업부
SDN,099220,KOSDAQ,중견기업부
유비벨록스,089850,KOSDAQ,우량기업부
국순당,043650,KOSDAQ,중견기업부
이닉스,452400,KOSDAQ,우량기업부
심플랫폼,444530,KOSDAQ,기술성장기업부
테라사이언스,073640,KOSDAQ,관리종목(소속부없음)
아이디피,332370,KOSDAQ,벤처기업부
옵티시스,109080,KOSDAQ,벤처기업부
예림당,036000,KOSDAQ,중견기업부
디지틀조선,033130,KOSDAQ,중견기업부
미스터블루,207760,KOSDAQ,중견기업부
라파스,214260,KOSDAQ,기술성장기업부
노랑풍선,104620,KOSDAQ,중견기업부
루멘스,038060,KOSDAQ,중견기업부
SGC E&C,016250,KOSDAQ,중견기업부
한국전자인증,041460,KOSDAQ,중견기업부
디에스엠,104040,KOSDAQ,벤처기업부
크레오에스지,040350,KOSDAQ,벤처기업부
제노레이,122310,KOSDAQ,우량기업부
씨이랩,189330,KOSDAQ,기술성장기업부
신일제약,012790,KOSDAQ,우량기업부
참좋은여행,094850,KOSDAQ,우량기업부
잉크테크,049550,KOSDAQ,우량기업부
큐라티스,348080,KOSDAQ,중견기업부
탑엔지니어링,065130,KOSDAQ,중견기업부
HLB바이오스텝,278650,KOSDAQ,중견기업부
지에스이,053050,KOSDAQ,우량기업부
에어레인,163280,KOSDAQ,기술성장기업부
FSN,214270,KOSDAQ,중견기업부
스튜디오미르,408900,KOSDAQ,중견기업부
드림어스컴퍼니,060570,KOSDAQ,중견기업부
동일금속,109860,KOSDAQ,우량기업부
이글루,067920,KOSDAQ,우량기업부
경남스틸,039240,KOSDAQ,우량기업부
푸드웰,005670,KOSDAQ,우량기업부
코리아나,027050,KOSDAQ,중견기업부
흥국,010240,KOSDAQ,우량기업부
서전기전,189860,KOSDAQ,벤처기업부
퀀타매트릭스,317690,KOSDAQ,기술성장기업부
경창산업,024910,KOSDAQ,중견기업부
신스틸,162300,KOSDAQ,우량기업부
오리콤,010470,KOSDAQ,우량기업부
위너스일렉,479960,KOSDAQ,중견기업부
대보마그네틱,290670,KOSDAQ,중견기업부
지슨,446840,KOSDAQ,기술성장기업부
팬스타엔터프라이즈,054300,KOSDAQ,벤처기업부
이건홀딩스,039020,KOSDAQ,중견기업부
케이엘넷,039420,KOSDAQ,중견기업부
아셈스,136410,KOSDAQ,벤처기업부
데이원컴퍼니,373160,KOSDAQ,기술성장기업부
오비고,352910,KOSDAQ,기술성장기업부
엠투엔,033310,KOSDAQ,중견기업부
제로투세븐,159580,KOSDAQ,중견기업부
포니링크,064800,KOSDAQ,중견기업부
씨티케이,260930,KOSDAQ,중견기업부
피엔케이피부임상연구센타,347740,KOSDAQ,벤처기업부
화신정공,126640,KOSDAQ,우량기업부
유신,054930,KOSDAQ,우량기업부
캐프,198080,KOSDAQ,우량기업부
서울평가정보,036120,KOSDAQ,중견기업부
진양제약,007370,KOSDAQ,우량기업부
제이투케이바이오,420570,KOSDAQ,벤처기업부
SG&G,040610,KOSDAQ,중견기업부
홈캐스트,064240,KOSDAQ,벤처기업부
삼양케이씨아이,036670,KOSDAQ,우량기업부
이화공영,001840,KOSDAQ,관리종목(소속부없음)
인지소프트,100030,KOSDAQ,중견기업부
쎄노텍,222420,KOSDAQ,벤처기업부
코렌텍,104540,KOSDAQ,기술성장기업부
이오플로우,294090,KOSDAQ,관리종목(소속부없음)
디와이디,219550,KOSDAQ,관리종목(소속부없음)
화인써키트,127980,KOSDAQ,중견기업부
이니텍,053350,KOSDAQ,중견기업부
강동씨앤엘,198440,KOSDAQ,중견기업부
SCL사이언스,246960,KOSDAQ,기술성장기업부
샤페론,378800,KOSDAQ,기술성장기업부
아이빔테크놀로지,460470,KOSDAQ,기술성장기업부
우리산업홀딩스,072470,KOSDAQ,중견기업부
태양,053620,KOSDAQ,우량기업부
에스엠씨지,460870,KOSDAQ,벤처기업부
삼진식품,0013V0,KOSDAQ,중견기업부
동방선기,099410,KOSDAQ,벤처기업부
대륙제관,004780,KOSDAQ,우량기업부
시그네틱스,033170,KOSDAQ,중견기업부
대모,317850,KOSDAQ,벤처기업부
에스프리즘,288620,KOSDAQ,벤처기업부
포커스에이아이,331380,KOSDAQ,투자주의환기종목(소속부없음)
레이저옵텍,199550,KOSDAQ,벤처기업부
한켐,457370,KOSDAQ,중견기업부
에르코스,435570,KOSDAQ,벤처기업부
레몬,294140,KOSDAQ,관리종목(소속부없음)
인스피언,465480,KOSDAQ,벤처기업부
쓰리에이로직스,177900,KOSDAQ,기술성장기업부
원풍,008370,KOSDAQ,우량기업부
제이티,089790,KOSDAQ,벤처기업부
디알젬,263690,KOSDAQ,우량기업부
코어라인소프트,384470,KOSDAQ,기술성장기업부
TS인베스트먼트,246690,KOSDAQ,중견기업부
한국팩키지,037230,KOSDAQ,우량기업부
그린생명과학,114450,KOSDAQ,벤처기업부
iMBC,052220,KOSDAQ,중견기업부
에이치시티,072990,KOSDAQ,우량기업부
에피소드컴퍼니,317530,KOSDAQ,기술성장기업부
에스팀,458350,KOSDAQ,중견기업부
코콤,015710,KOSDAQ,우량기업부
나래나노텍,137080,KOSDAQ,중견기업부
동우팜투테이블,088910,KOSDAQ,우량기업부
소마젠,950200,KOSDAQ,외국기업(소속부없음)
와이즈버즈,273060,KOSDAQ,중견기업부
프로티아,303360,KOSDAQ,기술성장기업부
멤레이비티,072770,KOSDAQ,중견기업부
SGA솔루션즈,184230,KOSDAQ,벤처기업부
구영테크,053270,KOSDAQ,우량기업부
이지스,261520,KOSDAQ,기술성장기업부
파이오링크,170790,KOSDAQ,우량기업부
DGI,099520,KOSDAQ,관리종목(소속부없음)
메이슨캐피탈,021880,KOSDAQ,중견기업부
젠큐릭스,229000,KOSDAQ,기술성장기업부
오리엔트정공,065500,KOSDAQ,중견기업부
위지윅스튜디오,299900,KOSDAQ,중견기업부
비엘팜텍,065170,KOSDAQ,투자주의환기종목(소속부없음)
옵트론텍,082210,KOSDAQ,중견기업부
코아시아씨엠,196450,KOSDAQ,중견기업부
토탈소프트,045340,KOSDAQ,벤처기업부
EDGC,245620,KOSDAQ,관리종목(소속부없음)
HLB펩,196300,KOSDAQ,관리종목(소속부없음)
수산아이앤티,050960,KOSDAQ,벤처기업부
인지디스플레,037330,KOSDAQ,우량기업부
제이엠티,094970,KOSDAQ,벤처기업부
SM Life Design,063440,KOSDAQ,중견기업부
에프엔씨엔터,173940,KOSDAQ,중견기업부
NHN벅스,104200,KOSDAQ,중견기업부
신테카바이오,226330,KOSDAQ,기술성장기업부
이삭엔지니어링,351330,KOSDAQ,벤처기업부
셀바이오휴먼텍,318160,KOSDAQ,벤처기업부
흥국에프엔비,189980,KOSDAQ,우량기업부
엔바이오니아,317870,KOSDAQ,기술성장기업부
포스뱅크,105760,KOSDAQ,우량기업부
상지건설,042940,KOSDAQ,중견기업부
유일에너테크,340930,KOSDAQ,관리종목(소속부없음)
엑스큐어,070300,KOSDAQ,벤처기업부
토마토시스템,393210,KOSDAQ,기술성장기업부
제일테크노스,038010,KOSDAQ,우량기업부
덴티스,261200,KOSDAQ,중견기업부
일신바이오,068330,KOSDAQ,중견기업부
링크제니시스,219420,KOSDAQ,기술성장기업부
에스디생명공학,217480,KOSDAQ,투자주의환기종목(소속부없음)
블루콤,033560,KOSDAQ,중견기업부
노을,376930,KOSDAQ,기술성장기업부
하스,450330,KOSDAQ,기술성장기업부
오상자이엘,053980,KOSDAQ,우량기업부
블리츠웨이엔터테인먼트,369370,KOSDAQ,벤처기업부
조이웍스앤코,309930,KOSDAQ,중견기업부
셀로맥스사이언스,471820,KOSDAQ,벤처기업부
티비씨,033830,KOSDAQ,중견기업부
HB인베스트먼트,440290,KOSDAQ,중견기업부
삼천리자전거,024950,KOSDAQ,중견기업부
아티스트컴퍼니,321820,KOSDAQ,기술성장기업부
서린바이오,038070,KOSDAQ,중견기업부
대원,007680,KOSDAQ,중견기업부
포인트엔지니어링,256630,KOSDAQ,벤처기업부
얼라인드,238120,KOSDAQ,기술성장기업부
엘컴텍,037950,KOSDAQ,중견기업부
린드먼아시아,277070,KOSDAQ,중견기업부
원익큐브,014190,KOSDAQ,우량기업부
비아이매트릭스,413640,KOSDAQ,벤처기업부
사이냅소프트,466410,KOSDAQ,벤처기업부
미래생명자원,218150,KOSDAQ,벤처기업부
엘엠에스,073110,KOSDAQ,벤처기업부
네이블,153460,KOSDAQ,중견기업부
파수AI,150900,KOSDAQ,벤처기업부
휴림에이텍,078590,KOSDAQ,중견기업부
큐캐피탈,016600,KOSDAQ,중견기업부
램테크놀러지,171010,KOSDAQ,벤처기업부
사토시홀딩스,223310,KOSDAQ,중견기업부
기산텔레콤,035460,KOSDAQ,벤처기업부
디티씨,066670,KOSDAQ,중견기업부
액토즈소프트,052790,KOSDAQ,중견기업부
엣지파운드리,105550,KOSDAQ,중견기업부
포시에스,189690,KOSDAQ,벤처기업부
아시아경제,127710,KOSDAQ,중견기업부
알에프세미,096610,KOSDAQ,투자주의환기종목(소속부없음)
엔젯,419080,KOSDAQ,기술성장기업부
자이언트스텝,289220,KOSDAQ,기술성장기업부
덕신이피씨,090410,KOSDAQ,우량기업부
알피바이오,314140,KOSDAQ,우량기업부
애드바이오텍,179530,KOSDAQ,기술성장기업부
영림원소프트랩,060850,KOSDAQ,벤처기업부
YW,051390,KOSDAQ,중견기업부
대진첨단소재,393970,KOSDAQ,관리종목(소속부없음)
알비더블유,361570,KOSDAQ,중견기업부
파인테크닉스,106240,KOSDAQ,벤처기업부
효성오앤비,097870,KOSDAQ,중견기업부
산돌,419120,KOSDAQ,중견기업부
윈팩,097800,KOSDAQ,중견기업부
알로이스,297570,KOSDAQ,벤처기업부
엔에이치스팩29호,451700,KOSDAQ,SPAC(소속부없음)
제이피아이헬스케어,0010V0,KOSDAQ,벤처기업부
코리아에셋투자증권,190650,KOSDAQ,우량기업부
뷰티스킨,406820,KOSDAQ,벤처기업부
케이씨티,089150,KOSDAQ,벤처기업부
서암기계공업,100660,KOSDAQ,중견기업부
신화인터텍,056700,KOSDAQ,중견기업부
하이딥,365590,KOSDAQ,기술성장기업부
원바이오젠,307280,KOSDAQ,벤처기업부
하츠,066130,KOSDAQ,우량기업부
솔디펜스,215090,KOSDAQ,벤처기업부
캡스톤파트너스,452300,KOSDAQ,중견기업부
씨앤투스,352700,KOSDAQ,벤처기업부
플레이디,237820,KOSDAQ,중견기업부
알트,459550,KOSDAQ,중견기업부
나라엠앤디,051490,KOSDAQ,우량기업부
피엔에이치테크,239890,KOSDAQ,기술성장기업부
디케이앤디,263020,KOSDAQ,벤처기업부
옴니시스템,057540,KOSDAQ,중견기업부
덱스터,206560,KOSDAQ,기술성장기업부
와이엠,007530,KOSDAQ,중견기업부
코스나인,082660,KOSDAQ,관리종목(소속부없음)
꿈비,407400,KOSDAQ,벤처기업부
시큐레터,418250,KOSDAQ,관리종목(소속부없음)
알리코제약,260660,KOSDAQ,중견기업부
씨유테크,376290,KOSDAQ,벤처기업부
보라티알,250000,KOSDAQ,우량기업부
성우전자,081580,KOSDAQ,중견기업부
캠시스,050110,KOSDAQ,중견기업부
프리엠스,053160,KOSDAQ,중견기업부
제이스코홀딩스,023440,KOSDAQ,관리종목(소속부없음)
네오크레마,311390,KOSDAQ,벤처기업부
에이아이코리아,364950,KOSDAQ,벤처기업부
바이오톡스텍,086040,KOSDAQ,벤처기업부
엔텔스,069410,KOSDAQ,벤처기업부
삼일기업공사,002290,KOSDAQ,우량기업부
하이퍼코퍼레이션,065650,KOSDAQ,중견기업부
이글벳,044960,KOSDAQ,중견기업부
아이즈비전,031310,KOSDAQ,중견기업부
제이엔비,452160,KOSDAQ,중견기업부
와이랩,432430,KOSDAQ,기술성장기업부
삼기,122350,KOSDAQ,중견기업부
우정바이오,215380,KOSDAQ,벤처기업부
엠젠솔루션,032790,KOSDAQ,벤처기업부
손오공,066910,KOSDAQ,중견기업부
자연과환경,043910,KOSDAQ,벤처기업부
티디에스팜,464280,KOSDAQ,중견기업부
서진오토모티브,122690,KOSDAQ,중견기업부
파인텍,131760,KOSDAQ,벤처기업부
시지트로닉스,429270,KOSDAQ,기술성장기업부
에스코넥,096630,KOSDAQ,우량기업부
우양,103840,KOSDAQ,중견기업부
유에스티,263770,KOSDAQ,우량기업부
프리시젼바이오,335810,KOSDAQ,기술성장기업부
케이씨피드,025880,KOSDAQ,우량기업부
비트플래닛,049470,KOSDAQ,중견기업부
브리지텍,064480,KOSDAQ,벤처기업부
하이즈항공,221840,KOSDAQ,중견기업부
세림B&G,340440,KOSDAQ,벤처기업부
일월지엠엘,178780,KOSDAQ,벤처기업부
상신전자,263810,KOSDAQ,중견기업부
파라택시스코리아,288330,KOSDAQ,관리종목(소속부없음)
한싹,430690,KOSDAQ,벤처기업부
유라클,088340,KOSDAQ,벤처기업부
그린플러스,186230,KOSDAQ,벤처기업부
케이엠,083550,KOSDAQ,중견기업부
우듬지팜,403490,KOSDAQ,벤처기업부
M83,476080,KOSDAQ,중견기업부
아이크래프트,052460,KOSDAQ,벤처기업부
파라텍,033540,KOSDAQ,중견기업부
케어랩스,263700,KOSDAQ,중견기업부
한독크린텍,256150,KOSDAQ,벤처기업부
앱코,129890,KOSDAQ,벤처기업부
누보,332290,KOSDAQ,벤처기업부
포메탈,119500,KOSDAQ,중견기업부
한국비티비,219750,KOSDAQ,중견기업부
빌리언스,044480,KOSDAQ,중견기업부
비씨월드제약,200780,KOSDAQ,중견기업부
대신정보통신,020180,KOSDAQ,중견기업부
아이언디바이스,464500,KOSDAQ,기술성장기업부
나노실리칸첨단소재,286750,KOSDAQ,투자주의환기종목(소속부없음)
에코캡,128540,KOSDAQ,우량기업부
승일,049830,KOSDAQ,관리종목(소속부없음)
미트박스,475460,KOSDAQ,벤처기업부
모니터랩,434480,KOSDAQ,기술성장기업부
소프트캠프,258790,KOSDAQ,벤처기업부
제이에스티나,026040,KOSDAQ,중견기업부
삼화네트웍스,046390,KOSDAQ,중견기업부
서연탑메탈,019770,KOSDAQ,우량기업부
와토스코리아,079000,KOSDAQ,중견기업부
보원케미칼,0010F0,KOSDAQ,벤처기업부
진매트릭스,109820,KOSDAQ,기술성장기업부
뱅크웨어글로벌,199480,KOSDAQ,기술성장기업부
에스제이그룹,306040,KOSDAQ,중견기업부
남화토건,091590,KOSDAQ,중견기업부
체리부로,066360,KOSDAQ,우량기업부
경남제약,053950,KOSDAQ,중견기업부
아세아텍,050860,KOSDAQ,우량기업부
그리티,204020,KOSDAQ,우량기업부
대창스틸,140520,KOSDAQ,중견기업부
픽셀플러스,087600,KOSDAQ,벤처기업부
백금T&A,046310,KOSDAQ,우량기업부
넥사다이내믹스,351320,KOSDAQ,중견기업부
트윔,290090,KOSDAQ,벤처기업부
핸디소프트,220180,KOSDAQ,벤처기업부
NEW,160550,KOSDAQ,중견기업부
에이텍모빌리티,224110,KOSDAQ,벤처기업부
마니커에프앤지,195500,KOSDAQ,중견기업부
씨큐브,101240,KOSDAQ,우량기업부
이엠넷,123570,KOSDAQ,중견기업부
KB오토시스,024120,KOSDAQ,중견기업부
케일럼,258610,KOSDAQ,중견기업부
크라우드웍스,355390,KOSDAQ,기술성장기업부
고려제약,014570,KOSDAQ,중견기업부
동일기연,032960,KOSDAQ,관리종목(소속부없음)
모헨즈,006920,KOSDAQ,중견기업부
에쎈테크,043340,KOSDAQ,중견기업부
디에이피,066900,KOSDAQ,관리종목(소속부없음)
웨이버스,336060,KOSDAQ,벤처기업부
유니온바이오메트릭스,203450,KOSDAQ,벤처기업부
DH오토리드,290120,KOSDAQ,중견기업부
알엔투테크놀로지,148250,KOSDAQ,벤처기업부
비비씨,318410,KOSDAQ,중견기업부
아이컴포넌트,059100,KOSDAQ,벤처기업부
디와이씨,310870,KOSDAQ,벤처기업부
에이치엘사이언스,239610,KOSDAQ,벤처기업부
케이디켐,221980,KOSDAQ,우량기업부
오픈놀,440320,KOSDAQ,기술성장기업부
카티스,140430,KOSDAQ,중견기업부
피코그램,376180,KOSDAQ,벤처기업부
리튬포어스,073570,KOSDAQ,관리종목(소속부없음)
시선AI,340810,KOSDAQ,기술성장기업부
동양파일,228340,KOSDAQ,중견기업부
인크레더블버즈,064090,KOSDAQ,관리종목(소속부없음)
에이텀,355690,KOSDAQ,기술성장기업부
인스웨이브,450520,KOSDAQ,벤처기업부
모비데이즈,363260,KOSDAQ,벤처기업부
한네트,052600,KOSDAQ,중견기업부
키이스트,054780,KOSDAQ,중견기업부
멕아이씨에스,058110,KOSDAQ,기술성장기업부
라온피플,300120,KOSDAQ,벤처기업부
우리이앤엘하루틴,153490,KOSDAQ,우량기업부
YBM넷,057030,KOSDAQ,중견기업부
더라미,032860,KOSDAQ,중견기업부
오공,045060,KOSDAQ,우량기업부
아티스트스튜디오,200350,KOSDAQ,기술성장기업부
자비스,254120,KOSDAQ,기술성장기업부
에코심플렉스,038870,KOSDAQ,중견기업부
메가엠디,133750,KOSDAQ,중견기업부
지에프씨생명과학,388610,KOSDAQ,기술성장기업부
테크엘,064520,KOSDAQ,중견기업부
에코글로우,159910,KOSDAQ,중견기업부
오디텍,080520,KOSDAQ,벤처기업부
ES큐브,050120,KOSDAQ,중견기업부
에프알텍,073540,KOSDAQ,벤처기업부
싸이버원,356890,KOSDAQ,벤처기업부
EG,037370,KOSDAQ,벤처기업부
베노티앤알,206400,KOSDAQ,중견기업부
핌스,347770,KOSDAQ,중견기업부
신도기연,290520,KOSDAQ,벤처기업부
에이스토리,241840,KOSDAQ,중견기업부
디모아,016670,KOSDAQ,중견기업부
아이비젼웍스,469750,KOSDAQ,벤처기업부
소노스퀘어,007720,KOSDAQ,중견기업부
티케이지애강,022220,KOSDAQ,중견기업부
윙입푸드,900340,KOSDAQ,외국기업(소속부없음)
팸텍,271830,KOSDAQ,벤처기업부
엠아이큐브솔루션,373170,KOSDAQ,벤처기업부
동국알앤에스,075970,KOSDAQ,중견기업부
에스에이티,060540,KOSDAQ,중견기업부
인산가,277410,KOSDAQ,벤처기업부
다산디엠씨,208860,KOSDAQ,벤처기업부
진시스템,363250,KOSDAQ,기술성장기업부
뉴트리,270870,KOSDAQ,중견기업부
캐스텍코리아,071850,KOSDAQ,투자주의환기종목(소속부없음)
에이비프로바이오,195990,KOSDAQ,관리종목(소속부없음)
웰크론,065950,KOSDAQ,중견기업부
네오리진,094860,KOSDAQ,중견기업부
파인메딕스,387570,KOSDAQ,기술성장기업부
DH오토웨어,025440,KOSDAQ,투자주의환기종목(소속부없음)
디에이테크놀로지,196490,KOSDAQ,투자주의환기종목(소속부없음)
아이퀘스트,262840,KOSDAQ,벤처기업부
엠브레인,169330,KOSDAQ,중견기업부
포인트모바일,318020,KOSDAQ,벤처기업부
티엔엔터테인먼트,131100,KOSDAQ,중견기업부
카이노스메드,284620,KOSDAQ,투자주의환기종목(소속부없음)
에스켐,475660,KOSDAQ,기술성장기업부
차이커뮤니케이션,351870,KOSDAQ,중견기업부
힘스,238490,KOSDAQ,벤처기업부
플랜티넷,075130,KOSDAQ,벤처기업부
팬엔터테인먼트,068050,KOSDAQ,중견기업부
셀피글로벌,068940,KOSDAQ,관리종목(소속부없음)
신화콘텍,187270,KOSDAQ,벤처기업부
파루,043200,KOSDAQ,벤처기업부
유틸렉스,263050,KOSDAQ,관리종목(소속부없음)
씨엔알리서치,359090,KOSDAQ,중견기업부
한빛소프트,047080,KOSDAQ,중견기업부
국영지앤엠,006050,KOSDAQ,중견기업부
모바일어플라이언스,087260,KOSDAQ,벤처기업부
모아텍,033200,KOSDAQ,투자주의환기종목(소속부없음)
라메디텍,462510,KOSDAQ,기술성장기업부
한국정보공학,039740,KOSDAQ,벤처기업부
제놀루션,225220,KOSDAQ,벤처기업부
텔콘RF제약,200230,KOSDAQ,중견기업부
폴라리스우노,114630,KOSDAQ,우량기업부
플루토스,019570,KOSDAQ,중견기업부
이노에이엑스,296640,KOSDAQ,벤처기업부
파버나인,177830,KOSDAQ,벤처기업부
인포뱅크,039290,KOSDAQ,중견기업부
오브젠,417860,KOSDAQ,벤처기업부
성우테크론,045300,KOSDAQ,중견기업부
케이지에이,455180,KOSDAQ,벤처기업부
피엔티엠에스,257370,KOSDAQ,벤처기업부
휴엠앤씨,263920,KOSDAQ,중견기업부
앱토크롬,109960,KOSDAQ,투자주의환기종목(소속부없음)
이엘피,063760,KOSDAQ,벤처기업부
넥스턴앤롤코리아,089140,KOSDAQ,벤처기업부
KBG,318000,KOSDAQ,벤처기업부
에코볼트,097780,KOSDAQ,중견기업부
GH신소재,130500,KOSDAQ,중견기업부
원일특강,012620,KOSDAQ,우량기업부
아이에이,038880,KOSDAQ,투자주의환기종목(소속부없음)
진바이오텍,086060,KOSDAQ,중견기업부
신라섬유,001000,KOSDAQ,중견기업부
한국큐빅,021650,KOSDAQ,중견기업부
한주라이트메탈,198940,KOSDAQ,중견기업부
휴네시온,290270,KOSDAQ,벤처기업부
서울전자통신,027040,KOSDAQ,중견기업부
에스디시스템,121890,KOSDAQ,중견기업부
TS트릴리온,317240,KOSDAQ,벤처기업부
코디,080530,KOSDAQ,중견기업부
컬러레이,900310,KOSDAQ,외국기업(소속부없음)
모아데이타,288980,KOSDAQ,기술성장기업부
브레인즈컴퍼니,099390,KOSDAQ,벤처기업부
정원엔시스,045510,KOSDAQ,중견기업부
CNT85,056730,KOSDAQ,중견기업부
라닉스,317120,KOSDAQ,기술성장기업부
프럼파스트,035200,KOSDAQ,벤처기업부
이노테나,333050,KOSDAQ,벤처기업부
닷밀,464580,KOSDAQ,기술성장기업부
글로벌에스엠,900070,KOSDAQ,외국기업(소속부없음)
티사이언티픽,057680,KOSDAQ,벤처기업부
디티앤씨,187220,KOSDAQ,중견기업부
오토앤,353590,KOSDAQ,중견기업부
스페코,013810,KOSDAQ,중견기업부
동일스틸럭스,023790,KOSDAQ,중견기업부
엔젠바이오,354200,KOSDAQ,기술성장기업부
에스지헬스케어,398120,KOSDAQ,벤처기업부
파인디지털,038950,KOSDAQ,중견기업부
한창산업,079170,KOSDAQ,우량기업부
아이지넷,462980,KOSDAQ,기술성장기업부
에이루트,096690,KOSDAQ,중견기업부
THE CUBE&,013720,KOSDAQ,중견기업부
휴맥스,115160,KOSDAQ,중견기업부
오아,342870,KOSDAQ,중견기업부
세화피앤씨,252500,KOSDAQ,중견기업부
피씨디렉트,051380,KOSDAQ,중견기업부
플래티어,367000,KOSDAQ,벤처기업부
제이엠아이,033050,KOSDAQ,중견기업부
위세아이텍,065370,KOSDAQ,벤처기업부
세종메디칼,258830,KOSDAQ,관리종목(소속부없음)
대한과학,131220,KOSDAQ,벤처기업부
비큐AI,148780,KOSDAQ,기술성장기업부
나라셀라,405920,KOSDAQ,중견기업부
CS,065770,KOSDAQ,벤처기업부
이노뎁,303530,KOSDAQ,벤처기업부
무림SP,001810,KOSDAQ,중견기업부
피앤씨테크,237750,KOSDAQ,벤처기업부
이노시뮬레이션,274400,KOSDAQ,기술성장기업부
신원종합개발,017000,KOSDAQ,우량기업부
파라택시스이더리움,290560,KOSDAQ,벤처기업부
오스템,031510,KOSDAQ,중견기업부
서울제약,018680,KOSDAQ,벤처기업부
에스엘에스바이오,246250,KOSDAQ,관리종목(소속부없음)
벨로크,424760,KOSDAQ,벤처기업부
아우딘퓨쳐스,227610,KOSDAQ,벤처기업부
원티드랩,376980,KOSDAQ,기술성장기업부
아이윈,090150,KOSDAQ,중견기업부
부스타,008470,KOSDAQ,벤처기업부
뉴키즈온,462310,KOSDAQ,중견기업부
대동스틸,048470,KOSDAQ,중견기업부
위즈코프,038620,KOSDAQ,벤처기업부
디티앤씨알오,383930,KOSDAQ,중견기업부
버넥트,438700,KOSDAQ,기술성장기업부
신진에스엠,138070,KOSDAQ,중견기업부
S&K폴리텍,091340,KOSDAQ,중견기업부
리더스코스메틱,016100,KOSDAQ,중견기업부
삼진,032750,KOSDAQ,우량기업부
모아라이프플러스,142760,KOSDAQ,기술성장기업부
이스트에이드,239340,KOSDAQ,중견기업부
풍전약품,298060,KOSDAQ,관리종목(소속부없음)
케이쓰리아이,431190,KOSDAQ,기술성장기업부
엔피,291230,KOSDAQ,중견기업부
케이웨더,068100,KOSDAQ,기술성장기업부
캔버스엔,210120,KOSDAQ,중견기업부
에이치와이티씨,148930,KOSDAQ,중견기업부
율촌,146060,KOSDAQ,중견기업부
한주에이알티,058450,KOSDAQ,투자주의환기종목(소속부없음)
나노캠텍,091970,KOSDAQ,중견기업부
팜스빌,318010,KOSDAQ,벤처기업부
글로본,019660,KOSDAQ,중견기업부
케이바이오랩스,038530,KOSDAQ,중견기업부
오션인더블유,052300,KOSDAQ,중견기업부
프롬바이오,377220,KOSDAQ,기술성장기업부
한울앤제주,276730,KOSDAQ,투자주의환기종목(소속부없음)
소프트센,032680,KOSDAQ,중견기업부
시큐브,131090,KOSDAQ,벤처기업부
더코디,224060,KOSDAQ,투자주의환기종목(소속부없음)
NE능률,053290,KOSDAQ,중견기업부
PN풍년,024940,KOSDAQ,벤처기업부
윙스풋,335870,KOSDAQ,중견기업부
포톤,208710,KOSDAQ,중견기업부
티에스넥스젠,043220,KOSDAQ,관리종목(소속부없음)
아즈텍WB,032080,KOSDAQ,중견기업부
KB제27호스팩,464680,KOSDAQ,관리종목(소속부없음)
KS인더스트리,101000,KOSDAQ,중견기업부
본느,226340,KOSDAQ,중견기업부
씨유메디칼,115480,KOSDAQ,중견기업부
로지시스,067730,KOSDAQ,중견기업부
성창오토텍,080470,KOSDAQ,벤처기업부
밸로프,331520,KOSDAQ,중견기업부
누리플랜,069140,KOSDAQ,벤처기업부
배럴,267790,KOSDAQ,중견기업부
피플바이오,304840,KOSDAQ,벤처기업부
씨엔플러스,115530,KOSDAQ,중견기업부
진영,285800,KOSDAQ,벤처기업부
링크드,193250,KOSDAQ,중견기업부
이미지스,115610,KOSDAQ,벤처기업부
E8,418620,KOSDAQ,기술성장기업부
딥커머스,900110,KOSDAQ,외국기업(소속부없음)
비트맥스,377030,KOSDAQ,관리종목(소속부없음)
엔비티,236810,KOSDAQ,기술성장기업부
세중,039310,KOSDAQ,중견기업부
오가닉티코스메틱,900300,KOSDAQ,외국기업(소속부없음)
풍강,093380,KOSDAQ,중견기업부
앱튼,270520,KOSDAQ,투자주의환기종목(소속부없음)
디지캡,197140,KOSDAQ,벤처기업부
애드포러스,397810,KOSDAQ,벤처기업부
에이치케이,044780,KOSDAQ,벤처기업부
삼진엘앤디,054090,KOSDAQ,중견기업부
한일화학,007770,KOSDAQ,중견기업부
뉴온,123840,KOSDAQ,투자주의환기종목(소속부없음)
아이티아이즈,372800,KOSDAQ,벤처기업부
동양에스텍,060380,KOSDAQ,중견기업부
디지아이,043360,KOSDAQ,벤처기업부
알톤,123750,KOSDAQ,중견기업부
비츠로시스,054220,KOSDAQ,벤처기업부
바이브컴퍼니,301300,KOSDAQ,기술성장기업부
딜리,131180,KOSDAQ,벤처기업부
파인디앤씨,049120,KOSDAQ,벤처기업부
대성미생물,036480,KOSDAQ,중견기업부
드림인사이트,362990,KOSDAQ,벤처기업부
조아제약,034940,KOSDAQ,중견기업부
에스앤더블류,103230,KOSDAQ,중견기업부
이원컴포텍,088290,KOSDAQ,관리종목(소속부없음)
지란지교시큐리티,208350,KOSDAQ,벤처기업부
제이케이시냅스,060230,KOSDAQ,중견기업부
카스,016920,KOSDAQ,중견기업부
이지트로닉스,377330,KOSDAQ,기술성장기업부
세동,053060,KOSDAQ,중견기업부
우리엔터프라이즈,037400,KOSDAQ,중견기업부
졸스,018700,KOSDAQ,투자주의환기종목(소속부없음)
키네마스터,139670,KOSDAQ,중견기업부
패션플랫폼,225590,KOSDAQ,우량기업부
엑사이엔씨,054940,KOSDAQ,중견기업부
인바이오,352940,KOSDAQ,벤처기업부
케이피엠테크,042040,KOSDAQ,중견기업부
대호특수강,021040,KOSDAQ,중견기업부
대동금속,020400,KOSDAQ,중견기업부
아이오케이이엔엠,078860,KOSDAQ,투자주의환기종목(소속부없음)
스튜디오삼익,415380,KOSDAQ,중견기업부
바이오포트,188040,KOSDAQ,벤처기업부
한국정밀기계,101680,KOSDAQ,중견기업부
상보,027580,KOSDAQ,중견기업부
서산,079650,KOSDAQ,중견기업부
인터엠,017250,KOSDAQ,중견기업부
썸에이지,208640,KOSDAQ,중견기업부
씨싸이트,109670,KOSDAQ,중견기업부
인티큐브,070590,KOSDAQ,중견기업부
플라즈맵,405000,KOSDAQ,벤처기업부
벡트,457600,KOSDAQ,벤처기업부
플레이위드,023770,KOSDAQ,중견기업부
이엠앤아이,083470,KOSDAQ,벤처기업부
한국맥널티,222980,KOSDAQ,벤처기업부
대산F&B,065150,KOSDAQ,관리종목(소속부없음)
엠에프씨,432980,KOSDAQ,기술성장기업부
웹스,196700,KOSDAQ,벤처기업부
알티캐스트,085810,KOSDAQ,중견기업부
인콘,083640,KOSDAQ,벤처기업부
이씨에스,067010,KOSDAQ,벤처기업부
헝셩그룹,900270,KOSDAQ,외국기업(소속부없음)
스타플렉스,115570,KOSDAQ,중견기업부
지니틱스,303030,KOSDAQ,벤처기업부
아이스크림에듀,289010,KOSDAQ,중견기업부
비피도,238200,KOSDAQ,벤처기업부
넥스트아이,137940,KOSDAQ,중견기업부
유디엠텍,389680,KOSDAQ,기술성장기업부
엔시트론,101400,KOSDAQ,중견기업부
티피씨글로벌,130740,KOSDAQ,중견기업부
아이씨에이치,368600,KOSDAQ,기술성장기업부
에스폴리텍,050760,KOSDAQ,중견기업부
아시아종묘,154030,KOSDAQ,벤처기업부
휴럼,353190,KOSDAQ,중견기업부
베셀,177350,KOSDAQ,투자주의환기종목(소속부없음)
웰킵스하이텍,043590,KOSDAQ,중견기업부
한국유니온제약,080720,KOSDAQ,관리종목(소속부없음)
우진비앤지,018620,KOSDAQ,벤처기업부
파이온엑스,900100,KOSDAQ,외국기업(소속부없음)
디젠스,113810,KOSDAQ,중견기업부
육일씨엔에쓰,191410,KOSDAQ,중견기업부
에이에프더블류,312610,KOSDAQ,투자주의환기종목(소속부없음)
비유테크놀러지,230980,KOSDAQ,관리종목(소속부없음)
나노씨엠에스,247660,KOSDAQ,기술성장기업부
솔트웨어,328380,KOSDAQ,벤처기업부
엑셀세라퓨틱스,373110,KOSDAQ,기술성장기업부
에스에스알,275630,KOSDAQ,벤처기업부
미디어젠,279600,KOSDAQ,벤처기업부
핑거스토리,417180,KOSDAQ,중견기업부
에이전트AI,060900,KOSDAQ,중견기업부
모비릭스,348030,KOSDAQ,중견기업부
토박스코리아,215480,KOSDAQ,중견기업부
브이씨,365900,KOSDAQ,벤처기업부
에스티오,098660,KOSDAQ,중견기업부
유비온,084440,KOSDAQ,기술성장기업부
파커스,065690,KOSDAQ,투자주의환기종목(소속부없음)
코퍼스코리아,322780,KOSDAQ,중견기업부
삼일,032280,KOSDAQ,중견기업부
웰크론한텍,076080,KOSDAQ,중견기업부
케이피티유,054410,KOSDAQ,중견기업부
비스토스,419540,KOSDAQ,벤처기업부
앤씨앤,092600,KOSDAQ,벤처기업부
윈하이텍,192390,KOSDAQ,벤처기업부
롤링스톤,214610,KOSDAQ,관리종목(소속부없음)
수성웹툰,084180,KOSDAQ,중견기업부
유진테크놀로지,240600,KOSDAQ,벤처기업부
바른손이앤에이,035620,KOSDAQ,중견기업부
이퓨쳐,134060,KOSDAQ,벤처기업부
국일신동,060480,KOSDAQ,중견기업부
디에이치엑스컴퍼니,031860,KOSDAQ,관리종목(소속부없음)
메디앙스,014100,KOSDAQ,중견기업부
한탑,002680,KOSDAQ,중견기업부
이렘,009730,KOSDAQ,투자주의환기종목(소속부없음)
판타지오,032800,KOSDAQ,중견기업부
케스피온,079190,KOSDAQ,벤처기업부
엔피케이,048830,KOSDAQ,중견기업부
CSA 코스믹,083660,KOSDAQ,중견기업부
이노진,344860,KOSDAQ,기술성장기업부
바이온,032980,KOSDAQ,관리종목(소속부없음)
형지글로벌,308100,KOSDAQ,중견기업부
다산솔루에타,154040,KOSDAQ,중견기업부
골드앤에스,035290,KOSDAQ,중견기업부
엘디티,096870,KOSDAQ,벤처기업부
핀텔,291810,KOSDAQ,기술성장기업부
세진티에스,067770,KOSDAQ,중견기업부
오에스피,368970,KOSDAQ,벤처기업부
휴맥스홀딩스,028080,KOSDAQ,중견기업부
바이오인프라,199730,KOSDAQ,벤처기업부
크린앤사이언스,045520,KOSDAQ,중견기업부
삼영에스앤씨,361670,KOSDAQ,기술성장기업부
전진바이오팜,110020,KOSDAQ,기술성장기업부
케이엠제약,225430,KOSDAQ,벤처기업부
미래에셋비전스팩7호,482680,KOSDAQ,SPAC(소속부없음)
피씨엘,241820,KOSDAQ,관리종목(소속부없음)
미래에셋비전스팩4호,477380,KOSDAQ,SPAC(소속부없음)
큐로홀딩스,051780,KOSDAQ,중견기업부
뉴보텍,060260,KOSDAQ,벤처기업부
유아이디,069330,KOSDAQ,벤처기업부
노블엠앤비,106520,KOSDAQ,투자주의환기종목(소속부없음)
에스아이리소스,065420,KOSDAQ,중견기업부
KB제33호스팩,0072Z0,KOSDAQ,SPAC(소속부없음)
하나36호스팩,0101C0,KOSDAQ,SPAC(소속부없음)
엔에이치스팩33호,0130H0,KOSDAQ,SPAC(소속부없음)
하나30호스팩,469880,KOSDAQ,SPAC(소속부없음)
에이치엠씨제7호스팩,477340,KOSDAQ,SPAC(소속부없음)
드래곤플라이,030350,KOSDAQ,관리종목(소속부없음)
신라에스지,025870,KOSDAQ,중견기업부
삼성스팩10호,0044K0,KOSDAQ,SPAC(소속부없음)
프로브잇,227100,KOSDAQ,관리종목(소속부없음)
삼성스팩13호,0115H0,KOSDAQ,SPAC(소속부없음)
예선테크,250930,KOSDAQ,벤처기업부
씨엑스아이,900120,KOSDAQ,외국기업(소속부없음)
유안타제15호스팩,473050,KOSDAQ,SPAC(소속부없음)
미래에셋비전스팩6호,478440,KOSDAQ,SPAC(소속부없음)
세니젠,188260,KOSDAQ,관리종목(소속부없음)
원풍물산,008290,KOSDAQ,투자주의환기종목(소속부없음)
한국제15호스팩,479880,KOSDAQ,SPAC(소속부없음)
코이즈,121850,KOSDAQ,투자주의환기종목(소속부없음)
엑시온그룹,069920,KOSDAQ,투자주의환기종목(소속부없음)
미래에셋비전스팩11호,0099W0,KOSDAQ,SPAC(소속부없음)
뉴인텍,012340,KOSDAQ,투자주의환기종목(소속부없음)
인베니아,079950,KOSDAQ,관리종목(소속부없음)
비케이홀딩스,050090,KOSDAQ,투자주의환기종목(소속부없음)
셀레스트라,352770,KOSDAQ,관리종목(소속부없음)
광진실업,026910,KOSDAQ,관리종목(소속부없음)
삼보산업,009620,KOSDAQ,투자주의환기종목(소속부없음)
올리패스,244460,KOSDAQ,관리종목(소속부없음)
키움제11호스팩,489480,KOSDAQ,SPAC(소속부없음)
엔에이치스팩31호,481890,KOSDAQ,SPAC(소속부없음)
삼성스팩12호,0096B0,KOSDAQ,SPAC(소속부없음)
DB금융스팩12호,477760,KOSDAQ,SPAC(소속부없음)
미래에셋비전스팩10호,0097F0,KOSDAQ,SPAC(소속부없음)
디비금융제13호스팩,489730,KOSDAQ,SPAC(소속부없음)
KB제29호스팩,478390,KOSDAQ,SPAC(소속부없음)
미래에셋비전스팩8호,0093G0,KOSDAQ,SPAC(소속부없음)
KB제31호스팩,492220,KOSDAQ,SPAC(소속부없음)
대신밸런스제17호스팩,471050,KOSDAQ,SPAC(소속부없음)
KB제32호스팩,0037T0,KOSDAQ,SPAC(소속부없음)
IBKS제25호스팩,0099X0,KOSDAQ,SPAC(소속부없음)
메디콕스,054180,KOSDAQ,관리종목(소속부없음)
엔에이치스팩32호,0054V0,KOSDAQ,SPAC(소속부없음)
메리츠제1호스팩,0088D0,KOSDAQ,SPAC(소속부없음)
지엔코,065060,KOSDAQ,중견기업부
신영스팩11호,0091W0,KOSDAQ,SPAC(소속부없음)
키움히어로제2호스팩,0131D0,KOSDAQ,SPAC(소속부없음)
형지I&C,011080,KOSDAQ,중견기업부
교보16호스팩,482520,KOSDAQ,SPAC(소속부없음)
삼영이엔씨,065570,KOSDAQ,관리종목(소속부없음)
하나35호스팩,0041L0,KOSDAQ,SPAC(소속부없음)
대신밸런스제19호스팩,482690,KOSDAQ,SPAC(소속부없음)
교보20호스팩,0132G0,KOSDAQ,SPAC(소속부없음)
듀오백,073190,KOSDAQ,투자주의환기종목(소속부없음)
하나31호스팩,469900,KOSDAQ,SPAC(소속부없음)
삼성스팩11호,0071M0,KOSDAQ,SPAC(소속부없음)
스타코링크,060240,KOSDAQ,관리종목(소속부없음)
신한제14호스팩,487360,KOSDAQ,SPAC(소속부없음)
미래에셋비전스팩5호,477470,KOSDAQ,SPAC(소속부없음)
신한제12호스팩,474660,KOSDAQ,SPAC(소속부없음)
유진스팩12호,0105P0,KOSDAQ,SPAC(소속부없음)
유안타제16호스팩,474490,KOSDAQ,SPAC(소속부없음)
신한제16호스팩,496070,KOSDAQ,SPAC(소속부없음)
신한제18호스팩,0129K0,KOSDAQ,SPAC(소속부없음)
KB제30호스팩,486630,KOSDAQ,SPAC(소속부없음)
미래에셋비전스팩9호,0096D0,KOSDAQ,SPAC(소속부없음)
교보19호스팩,0098T0,KOSDAQ,SPAC(소속부없음)
교보17호스팩,489210,KOSDAQ,SPAC(소속부없음)
유안타제17호스팩,493790,KOSDAQ,SPAC(소속부없음)
디비금융제14호스팩,0004Y0,KOSDAQ,SPAC(소속부없음)
신한제17호스팩,0130D0,KOSDAQ,SPAC(소속부없음)
알파AI,043100,KOSDAQ,관리종목(소속부없음)
신영스팩10호,472220,KOSDAQ,SPAC(소속부없음)
이베스트스팩6호,478110,KOSDAQ,SPAC(소속부없음)
키움히어로제1호스팩,466690,KOSDAQ,SPAC(소속부없음)
한화플러스제5호스팩,498390,KOSDAQ,SPAC(소속부없음)
교보18호스팩,0041B0,KOSDAQ,SPAC(소속부없음)
IBKS제24호스팩,469480,KOSDAQ,SPAC(소속부없음)
유진스팩11호,488060,KOSDAQ,SPAC(소속부없음)
케이이엠텍,106080,KOSDAQ,관리종목(소속부없음)
하나34호스팩,484130,KOSDAQ,SPAC(소속부없음)
해성산업1우,03481K,KOSDAQ,중견기업부
한국제13호스팩,464440,KOSDAQ,관리종목(소속부없음)
에스케이증권제13호스팩,473950,KOSDAQ,SPAC(소속부없음)
교보15호스팩,465320,KOSDAQ,SPAC(소속부없음)
IBKS제23호스팩,467930,KOSDAQ,SPAC(소속부없음)
신한제15호스팩,487830,KOSDAQ,SPAC(소속부없음)
유진스팩10호,468760,KOSDAQ,SPAC(소속부없음)
비엔케이제3호스팩,0068Y0,KOSDAQ,SPAC(소속부없음)
에스케이증권제11호스팩,472230,KOSDAQ,SPAC(소속부없음)
키움제10호스팩,487720,KOSDAQ,SPAC(소속부없음)
엘에스스팩1호,0041J0,KOSDAQ,SPAC(소속부없음)
하나33호스팩,475250,KOSDAQ,SPAC(소속부없음)
투비소프트,079970,KOSDAQ,관리종목(소속부없음)
신한제13호스팩,474930,KOSDAQ,SPAC(소속부없음)
스코넥,276040,KOSDAQ,관리종목(소속부없음)
에스케이증권제12호스팩,473000,KOSDAQ,SPAC(소속부없음)
하나32호스팩,475240,KOSDAQ,SPAC(소속부없음)
아이엠,101390,KOSDAQ,관리종목(소속부없음)
KD,044180,KOSDAQ,관리종목(소속부없음)
캐리,313760,KOSDAQ,관리종목(소속부없음)
더테크놀로지,043090,KOSDAQ,투자주의환기종목(소속부없음)
아이톡시,052770,KOSDAQ,관리종목(소속부없음)
대호특수강우,021045,KOSDAQ,중견기업부
소프트센우,032685,KOSDAQ,중견기업부
